<?xml version="1.0" encoding="UTF-8"?>
<clinical_study rank="11">
  <!-- This xml conforms to an XML Schema at:
    https://clinicaltrials.gov/ct2/html/images/info/public.xsd -->
  <required_header>
    <download_date>ClinicalTrials.gov processed this data on April 02, 2021</download_date>
    <link_text>Link to the current ClinicalTrials.gov record.</link_text>
    <url>https://clinicaltrials.gov/show/NCT04358081</url>
  </required_header>
  <id_info>
    <org_study_id>CJWT629A12301</org_study_id>
    <nct_id>NCT04358081</nct_id>
  </id_info>
  <brief_title>Hydroxychloroquine Monotherapy and in Combination With Azithromycin in Patients With Moderate and Severe COVID-19 Disease</brief_title>
  <official_title>A Multi-center, Randomized, Double-blinded, Placebo-controlled Study to Evaluate the Safety and Efficacy of Hydroxychloroquine Monotherapy and in Combination With Azithromycin in Patients With Moderate and Severe COVID-19 Disease</official_title>
  <sponsors>
    <lead_sponsor>
      <agency>Novartis Pharmaceuticals</agency>
      <agency_class>Industry</agency_class>
    </lead_sponsor>
  </sponsors>
  <source>Novartis</source>
  <oversight_info>
    <has_dmc>Yes</has_dmc>
    <is_fda_regulated_drug>Yes</is_fda_regulated_drug>
    <is_fda_regulated_device>No</is_fda_regulated_device>
  </oversight_info>
  <brief_summary>
    <textblock>
      Two recent studies have suggested that in patients with Covid19, treatment with&#xD;
      hydroxychloroquine may shorten the duration of symptoms and improve viral clearance, an&#xD;
      effect that appears most pronounced when combined with azithromycin. Hydroxychloroquine&#xD;
      treatment may inhibit viral nucleic acid-mediated activation of various innate immune&#xD;
      pathways, as well as blockade of lysosomal functions in cell types relevant for viral entry&#xD;
      and antigen presentation.&#xD;
&#xD;
      The purpose of the study was to determine if oral hydroxychloroquine monotherapy, or in&#xD;
      combination with azithromycin results in clinical benefit in patients hospitalized with&#xD;
      COVID19 pneumonia.&#xD;
    </textblock>
  </brief_summary>
  <overall_status>Completed</overall_status>
  <start_date type="Actual">May 1, 2020</start_date>
  <completion_date type="Actual">July 27, 2020</completion_date>
  <primary_completion_date type="Actual">July 27, 2020</primary_completion_date>
  <phase>Phase 3</phase>
  <study_type>Interventional</study_type>
  <study_design_info>
    <allocation>Randomized</allocation>
    <intervention_model>Parallel Assignment</intervention_model>
    <primary_purpose>Treatment</primary_purpose>
    <masking>Quadruple (Participant, Care Provider, Investigator, Outcomes Assessor)</masking>
  </study_design_info>
  <primary_outcome>
    <measure>Number of Participants Who Achieved Clinical Response by Day 15</measure>
    <time_frame>15 days</time_frame>
    <description>Clinical response was defined as a) discharged alive; or b) No need for mechanical ventilation in any participants and no need for supplemental oxygen requirement (SpO2) in participants without pre-morbid O2 requirement.</description>
  </primary_outcome>
  <secondary_outcome>
    <measure>Number of Participants Who Achieved Viral Clearance</measure>
    <time_frame>6 days and 10 Days</time_frame>
    <description>Number and percentage of participants with negative or below LLOQ SARS-COV-2 based on polymerase chain reaction (PCR) test</description>
  </secondary_outcome>
  <secondary_outcome>
    <measure>Number of Participants Discharged or Ready for Discharge</measure>
    <time_frame>15 days</time_frame>
    <description>Number of participants who received hydrochloroquine plus azithromycin relative to placebo who were discharged from hospital</description>
  </secondary_outcome>
  <secondary_outcome>
    <measure>Time to Return to Pre-morbid Supplemental Oxygen Requirement in Participants Receiving Hydrochloroquine or Hydrochloroquine Plus Azithromycin Relative to Placebo</measure>
    <time_frame>15 days</time_frame>
    <description>Number of participants requiring supplemental oxygen at the time of randomization who returned to pre-morbid supplemental oxygen</description>
  </secondary_outcome>
  <number_of_arms>3</number_of_arms>
  <enrollment type="Actual">20</enrollment>
  <condition>Covid-19</condition>
  <arm_group>
    <arm_group_label>Arm 1: hydroxychloroquine + aithromycin placebo</arm_group_label>
    <arm_group_type>Experimental</arm_group_type>
    <description>Hydroxychloroquine 600mg o.d. as loading dose (Day 1) +followed by 200mg t.i.d was initiated within 8-12 hours of the loading dose (not to exceed 12 hours) Azithromycin (AZT) placebo o.d.</description>
  </arm_group>
  <arm_group>
    <arm_group_label>Arm 2: hydroxychloroquine + azithromycin</arm_group_label>
    <arm_group_type>Experimental</arm_group_type>
    <description>Hydroxychloroquine 600 mg o.d. as a loading dose (Day 1) followed by 200 mg t.i.d. was initiated within 8-12 hours of the loading dose (not to exceed 12 hours) Azithromycin: 500 mg as a loading dose (Day 1) followed by 250 mg o.d. Day 2 - Day 5</description>
  </arm_group>
  <arm_group>
    <arm_group_label>Arm 3: hydroxychloroquine placebo + azithromycin placebo</arm_group_label>
    <arm_group_type>Placebo Comparator</arm_group_type>
    <description>Hydroxychloroquine placebo o.d. (day 1) followed by hydroxychloroquine placebo t.i.d Azythromycin placebo o.d.</description>
  </arm_group>
  <intervention>
    <intervention_type>Drug</intervention_type>
    <intervention_name>HCQ</intervention_name>
    <description>Hydroxychloroquine Monotherapy</description>
    <arm_group_label>Arm 1: hydroxychloroquine + aithromycin placebo</arm_group_label>
    <other_name>JWT629</other_name>
  </intervention>
  <intervention>
    <intervention_type>Drug</intervention_type>
    <intervention_name>HCQ+AZT</intervention_name>
    <description>Hydroxychloroquine with azithromycin</description>
    <arm_group_label>Arm 2: hydroxychloroquine + azithromycin</arm_group_label>
    <other_name>JWT629 + AZT</other_name>
  </intervention>
  <intervention>
    <intervention_type>Drug</intervention_type>
    <intervention_name>Placebo</intervention_name>
    <description>Placebo</description>
    <arm_group_label>Arm 3: hydroxychloroquine placebo + azithromycin placebo</arm_group_label>
  </intervention>
  <eligibility>
    <criteria>
      <textblock>
        Inclusion Criteria:&#xD;
&#xD;
          1. Informed consent must be obtained prior to participation in the study&#xD;
&#xD;
          2. Adult patient ≥ 18 years old&#xD;
&#xD;
          3. Severe Acute Respiratory Syndrome Coronavirus (SARS-CoV)-2 infection confirmed by&#xD;
             polymerase chain reaction (PCR) test from respiratory tract specimen (e.g&#xD;
             nasopharyngeal swab)&#xD;
&#xD;
          4. Onset of signs and symptoms of COVID19 illness ≤ 7 days prior to randomization&#xD;
             (including but not limited to fever, cough, myalgias, fatigue, abnormal chest imaging)&#xD;
&#xD;
          5. Currently hospitalized or requiring hospitalization due to COVID-19 disease&#xD;
&#xD;
        Exclusion Criteria:&#xD;
&#xD;
          1. Use of other investigational drugs or newly approved COVID-19 treatments within 5-half&#xD;
             lives or 30 days of enrolment&#xD;
&#xD;
          2. History of hypersensitivity to any of the study treatments or its excipients or to&#xD;
             drugs of similar chemical classes&#xD;
&#xD;
          3. Participation in any other clinical trial of an experimental treatment for COVID-19&#xD;
&#xD;
          4. Expectation of concurrent treatment with any other agents or potential direct acting&#xD;
             antiviral activity against SARS-Co V-2 during study drug dosing&#xD;
&#xD;
          5. Requires, in the judgement of the investigator, admission to the intensive care unit&#xD;
             (ICU) or mechanical ventilatory support (invasive or non-invasive) prior to first dose&#xD;
             of study drug (There might be a patient who cannot be admitted to the ICU, even if the&#xD;
             patient's condition is severe enough, due to administrative reasons under the current&#xD;
             circumstances. This case is also considered under admission to the ICU judged by the&#xD;
             investigator)&#xD;
&#xD;
          6. Evidence of cytokine storm syndrome or multi-organ system failure&#xD;
&#xD;
          7. Confirmed co-infection with influenza&#xD;
&#xD;
          8. Creatinine clearance &lt; 45 mL/min or requiring acute renal replacement therapy&#xD;
&#xD;
          9. History or current diagnosis of ECG abnormalities indicating significant risk of&#xD;
             safety for participants participating in the study&#xD;
&#xD;
         10. Any other condition which in the opinion of the investigator, would put the safety of&#xD;
             the participant at risk, impede compliance or hinder completion of the study&#xD;
&#xD;
         11. Pregnant or nursing (lactating) women&#xD;
&#xD;
         12. Women of child-bearing potential, defined as all women physiologically capable of&#xD;
             becoming pregnant, unless they agree to use basic methods of contraception during&#xD;
             dosing of study treatment.&#xD;
      </textblock>
    </criteria>
    <gender>All</gender>
    <minimum_age>18 Years</minimum_age>
    <maximum_age>N/A</maximum_age>
    <healthy_volunteers>No</healthy_volunteers>
  </eligibility>
  <location>
    <facility>
      <name>Novartis Investigative Site</name>
      <address>
        <city>Fullerton</city>
        <state>California</state>
        <zip>92835</zip>
        <country>United States</country>
      </address>
    </facility>
  </location>
  <location>
    <facility>
      <name>Novartis Investigative Site</name>
      <address>
        <city>Los Angeles</city>
        <state>California</state>
        <zip>90095-1793</zip>
        <country>United States</country>
      </address>
    </facility>
  </location>
  <location>
    <facility>
      <name>Novartis Investigative Site</name>
      <address>
        <city>Chicago</city>
        <state>Illinois</state>
        <zip>60612</zip>
        <country>United States</country>
      </address>
    </facility>
  </location>
  <location>
    <facility>
      <name>Novartis Investigative Site</name>
      <address>
        <city>Baton Rouge</city>
        <state>Louisiana</state>
        <zip>70809</zip>
        <country>United States</country>
      </address>
    </facility>
  </location>
  <location>
    <facility>
      <name>Novartis Investigative Site</name>
      <address>
        <city>Baltimore</city>
        <state>Maryland</state>
        <zip>21287</zip>
        <country>United States</country>
      </address>
    </facility>
  </location>
  <location>
    <facility>
      <name>Novartis Investigative Site</name>
      <address>
        <city>Chapel Hill</city>
        <state>North Carolina</state>
        <zip>27599</zip>
        <country>United States</country>
      </address>
    </facility>
  </location>
  <location>
    <facility>
      <name>Novartis Investigative Site</name>
      <address>
        <city>Seattle</city>
        <state>Washington</state>
        <zip>98104</zip>
        <country>United States</country>
      </address>
    </facility>
  </location>
  <location_countries>
    <country>United States</country>
  </location_countries>
  <verification_date>March 2021</verification_date>
  <study_first_submitted>April 8, 2020</study_first_submitted>
  <study_first_submitted_qc>April 20, 2020</study_first_submitted_qc>
  <study_first_posted type="Actual">April 22, 2020</study_first_posted>
  <results_first_submitted>March 8, 2021</results_first_submitted>
  <results_first_submitted_qc>March 8, 2021</results_first_submitted_qc>
  <results_first_posted type="Actual">March 17, 2021</results_first_posted>
  <last_update_submitted>March 25, 2021</last_update_submitted>
  <last_update_submitted_qc>March 25, 2021</last_update_submitted_qc>
  <last_update_posted type="Estimate">April 2, 2021</last_update_posted>
  <responsible_party>
    <responsible_party_type>Sponsor</responsible_party_type>
  </responsible_party>
  <keyword>covid19</keyword>
  <keyword>covid 19</keyword>
  <keyword>covid-19</keyword>
  <keyword>coronavirus</keyword>
  <keyword>SARS-CoV</keyword>
  <keyword>SARS-CoV-2</keyword>
  <keyword>novel coronavirus</keyword>
  <keyword>adult</keyword>
  <keyword>JWT629</keyword>
  <keyword>acute respiratory syndrome coronavirus</keyword>
  <patient_data>
    <sharing_ipd>Undecided</sharing_ipd>
    <ipd_description>Novartis is committed to sharing access to patient-level data and supporting clinical documents from eligible studies with qualified external researchers. Requests are reviewed and approved by an independent review panel on the basis of scientific merit. All data provided is anonymized to protect the privacy of patients who have participated in the trial in line with applicable laws and regulations.&#xD;
This trial data availability is according to the criteria and process described on www.clinicalstudydatarequest.com</ipd_description>
  </patient_data>
  <provided_document_section>
    <provided_document>
      <document_type>Study Protocol</document_type>
      <document_has_protocol>Yes</document_has_protocol>
      <document_has_icf>No</document_has_icf>
      <document_has_sap>No</document_has_sap>
      <document_date>April 8, 2020</document_date>
      <document_url>https://ClinicalTrials.gov/ProvidedDocs/81/NCT04358081/Prot_000.pdf</document_url>
    </provided_document>
    <provided_document>
      <document_type>Statistical Analysis Plan</document_type>
      <document_has_protocol>No</document_has_protocol>
      <document_has_icf>No</document_has_icf>
      <document_has_sap>Yes</document_has_sap>
      <document_date>August 13, 2020</document_date>
      <document_url>https://ClinicalTrials.gov/ProvidedDocs/81/NCT04358081/SAP_001.pdf</document_url>
    </provided_document>
  </provided_document_section>

  <clinical_results>

    <participant_flow>
      <recruitment_details>Study was conducted in 9 centers in the United States. A total of 20 participants were randomized, of whom 19 were treated.</recruitment_details>
      <pre_assignment_details>One patient was mis-randomized and never received any treatment. This patient has creatine clearance level &lt;45 mL/min or required acute renal replacement therapy and therefore was not eligible for inclusion in the study.</pre_assignment_details>
      <group_list>
        <group group_id="P1">
          <title>Arm 1: Hydroxychloroquine + Aithromycin Placebo</title>
          <description>Hydroxychloroquine 600mg o.d. as loading dose (Day 1) +followed by 200mg t.i.d was initiated within 8-12 hours of the loading dose (not to exceed 12 hours) Azithromycin placebo o.d.</description>
        </group>
        <group group_id="P2">
          <title>Arm 2: Hydroxychloroquine + Azithromycin</title>
          <description>Hydroxychloroquine 600 mg o.d. as a loading dose (Day 1) followed by 200 mg t.i.d. was initiated within 8-12 hours of the loading dose (not to exceed 12 hours) Azithromycin: 500 mg as a loading dose (Day 1) followed by 250 mg o.d. Day 2 - Day 5</description>
        </group>
        <group group_id="P3">
          <title>Arm 3: Hydroxychloroquine Placebo + Azithromycin Placebo</title>
          <description>Hydroxychloroquine placebo o.d. (day 1) followed by hydroxychloroquine placebo t.i.d Azythromycin placebo o.d.</description>
        </group>
      </group_list>
      <period_list>
        <period>
          <title>Treatment Phase of Study</title>
          <milestone_list>
            <milestone>
              <title>STARTED</title>
              <participants_list>
                <participants group_id="P1" count="7"/>
                <participants group_id="P2" count="7"/>
                <participants group_id="P3" count="5"/>
              </participants_list>
            </milestone>
            <milestone>
              <title>COMPLETED</title>
              <participants_list>
                <participants group_id="P1" count="3"/>
                <participants group_id="P2" count="6"/>
                <participants group_id="P3" count="2"/>
              </participants_list>
            </milestone>
            <milestone>
              <title>NOT COMPLETED</title>
              <participants_list>
                <participants group_id="P1" count="4"/>
                <participants group_id="P2" count="1"/>
                <participants group_id="P3" count="3"/>
              </participants_list>
            </milestone>
          </milestone_list>
          <drop_withdraw_reason_list>
            <drop_withdraw_reason>
              <title>Withdrawal by Subject</title>
              <participants_list>
                <participants group_id="P1" count="0"/>
                <participants group_id="P2" count="1"/>
                <participants group_id="P3" count="1"/>
              </participants_list>
            </drop_withdraw_reason>
            <drop_withdraw_reason>
              <title>Adverse Event</title>
              <participants_list>
                <participants group_id="P1" count="1"/>
                <participants group_id="P2" count="0"/>
                <participants group_id="P3" count="1"/>
              </participants_list>
            </drop_withdraw_reason>
            <drop_withdraw_reason>
              <title>Physician Decision</title>
              <participants_list>
                <participants group_id="P1" count="2"/>
                <participants group_id="P2" count="0"/>
                <participants group_id="P3" count="1"/>
              </participants_list>
            </drop_withdraw_reason>
            <drop_withdraw_reason>
              <title>Protocol Violation</title>
              <participants_list>
                <participants group_id="P1" count="1"/>
                <participants group_id="P2" count="0"/>
                <participants group_id="P3" count="0"/>
              </participants_list>
            </drop_withdraw_reason>
          </drop_withdraw_reason_list>
        </period>
        <period>
          <title>Study Completion Phase</title>
          <milestone_list>
            <milestone>
              <title>STARTED</title>
              <participants_list>
                <participants group_id="P1" count="7"/>
                <participants group_id="P2" count="7"/>
                <participants group_id="P3" count="5"/>
              </participants_list>
            </milestone>
            <milestone>
              <title>COMPLETED</title>
              <participants_list>
                <participants group_id="P1" count="6"/>
                <participants group_id="P2" count="7"/>
                <participants group_id="P3" count="3"/>
              </participants_list>
            </milestone>
            <milestone>
              <title>NOT COMPLETED</title>
              <participants_list>
                <participants group_id="P1" count="1"/>
                <participants group_id="P2" count="0"/>
                <participants group_id="P3" count="2"/>
              </participants_list>
            </milestone>
          </milestone_list>
          <drop_withdraw_reason_list>
            <drop_withdraw_reason>
              <title>Death</title>
              <participants_list>
                <participants group_id="P1" count="0"/>
                <participants group_id="P2" count="0"/>
                <participants group_id="P3" count="1"/>
              </participants_list>
            </drop_withdraw_reason>
            <drop_withdraw_reason>
              <title>Lost to Follow-up</title>
              <participants_list>
                <participants group_id="P1" count="1"/>
                <participants group_id="P2" count="0"/>
                <participants group_id="P3" count="1"/>
              </participants_list>
            </drop_withdraw_reason>
          </drop_withdraw_reason_list>
        </period>
      </period_list>
    </participant_flow>

    <baseline>
      <population>Full Analysis Set (FAS) was comprised of all participants to whom study treatment had been assigned by randomization excluding one mis-randomized participant.</population>
      <group_list>
        <group group_id="B1">
          <title>Arm 1: Hydroxychloroquine + Aithromycin Placebo</title>
          <description>Hydroxychloroquine 600mg o.d. as loading dose (Day 1) +followed by 200mg t.i.d was initiated within 8-12 hours of the loading dose (not to exceed 12 hours) Azithromycin placebo o.d.</description>
        </group>
        <group group_id="B2">
          <title>Arm 2: Hydroxychloroquine + Azithromycin</title>
          <description>Hydroxychloroquine 600 mg o.d. as a loading dose (Day 1) followed by 200 mg t.i.d. was initiated within 8-12 hours of the loading dose (not to exceed 12 hours) Azithromycin: 500 mg as a loading dose (Day 1) followed by 250 mg o.d. Day 2 - Day 5</description>
        </group>
        <group group_id="B3">
          <title>Arm 3: Hydroxychloroquine Placebo + Azithromycin Placebo</title>
          <description>Hydroxychloroquine placebo o.d. (day 1) followed by hydroxychloroquine placebo t.i.d Azythromycin placebo o.d.</description>
        </group>
        <group group_id="B4">
          <title>Total</title>
          <description>Total of all reporting groups</description>
        </group>
      </group_list>
      <analyzed_list>
        <analyzed>
          <units>Participants</units>
          <scope>Overall</scope>
          <count_list>
            <count group_id="B1" value="7"/>
            <count group_id="B2" value="7"/>
            <count group_id="B3" value="5"/>
            <count group_id="B4" value="19"/>
          </count_list>
        </analyzed>
      </analyzed_list>
      <measure_list>
        <measure>
          <title>Age</title>
          <units>Participants</units>
          <param>Count of Participants</param>
          <class_list>
            <class>
              <category_list>
                <category>
                  <title>&lt;=18 years</title>
                  <measurement_list>
                    <measurement group_id="B1" value="0"/>
                    <measurement group_id="B2" value="0"/>
                    <measurement group_id="B3" value="0"/>
                    <measurement group_id="B4" value="0"/>
                  </measurement_list>
                </category>
                <category>
                  <title>Between 18 and 65 years</title>
                  <measurement_list>
                    <measurement group_id="B1" value="7"/>
                    <measurement group_id="B2" value="4"/>
                    <measurement group_id="B3" value="5"/>
                    <measurement group_id="B4" value="16"/>
                  </measurement_list>
                </category>
                <category>
                  <title>&gt;=65 years</title>
                  <measurement_list>
                    <measurement group_id="B1" value="0"/>
                    <measurement group_id="B2" value="3"/>
                    <measurement group_id="B3" value="0"/>
                    <measurement group_id="B4" value="3"/>
                  </measurement_list>
                </category>
              </category_list>
            </class>
          </class_list>
        </measure>
        <measure>
          <title>Age</title>
          <units>years</units>
          <param>Mean</param>
          <dispersion>Standard Deviation</dispersion>
          <class_list>
            <class>
              <category_list>
                <category>
                  <measurement_list>
                    <measurement group_id="B1" value="45.9" spread="10.6"/>
                    <measurement group_id="B2" value="60.9" spread="12.5"/>
                    <measurement group_id="B3" value="55.2" spread="11.1"/>
                    <measurement group_id="B4" value="53.8" spread="12.7"/>
                  </measurement_list>
                </category>
              </category_list>
            </class>
          </class_list>
        </measure>
        <measure>
          <title>Sex: Female, Male</title>
          <units>Participants</units>
          <param>Count of Participants</param>
          <class_list>
            <class>
              <category_list>
                <category>
                  <title>Female</title>
                  <measurement_list>
                    <measurement group_id="B1" value="3"/>
                    <measurement group_id="B2" value="1"/>
                    <measurement group_id="B3" value="3"/>
                    <measurement group_id="B4" value="7"/>
                  </measurement_list>
                </category>
                <category>
                  <title>Male</title>
                  <measurement_list>
                    <measurement group_id="B1" value="4"/>
                    <measurement group_id="B2" value="6"/>
                    <measurement group_id="B3" value="2"/>
                    <measurement group_id="B4" value="12"/>
                  </measurement_list>
                </category>
              </category_list>
            </class>
          </class_list>
        </measure>
        <measure>
          <title>Race/Ethnicity, Customized</title>
          <population>FAS</population>
          <units>Participants</units>
          <param>Count of Participants</param>
          <class_list>
            <class>
              <title>White</title>
              <category_list>
                <category>
                  <measurement_list>
                    <measurement group_id="B1" value="1"/>
                    <measurement group_id="B2" value="3"/>
                    <measurement group_id="B3" value="3"/>
                    <measurement group_id="B4" value="7"/>
                  </measurement_list>
                </category>
              </category_list>
            </class>
            <class>
              <title>Black or African American</title>
              <category_list>
                <category>
                  <measurement_list>
                    <measurement group_id="B1" value="2"/>
                    <measurement group_id="B2" value="1"/>
                    <measurement group_id="B3" value="0"/>
                    <measurement group_id="B4" value="3"/>
                  </measurement_list>
                </category>
              </category_list>
            </class>
            <class>
              <title>Asian</title>
              <category_list>
                <category>
                  <measurement_list>
                    <measurement group_id="B1" value="1"/>
                    <measurement group_id="B2" value="0"/>
                    <measurement group_id="B3" value="0"/>
                    <measurement group_id="B4" value="1"/>
                  </measurement_list>
                </category>
              </category_list>
            </class>
            <class>
              <title>Native Hawaiian or Other Pacific Islander</title>
              <category_list>
                <category>
                  <measurement_list>
                    <measurement group_id="B1" value="1"/>
                    <measurement group_id="B2" value="0"/>
                    <measurement group_id="B3" value="0"/>
                    <measurement group_id="B4" value="1"/>
                  </measurement_list>
                </category>
              </category_list>
            </class>
            <class>
              <title>Unknown</title>
              <category_list>
                <category>
                  <measurement_list>
                    <measurement group_id="B1" value="2"/>
                    <measurement group_id="B2" value="3"/>
                    <measurement group_id="B3" value="2"/>
                    <measurement group_id="B4" value="7"/>
                  </measurement_list>
                </category>
              </category_list>
            </class>
          </class_list>
        </measure>
      </measure_list>
    </baseline>

    <outcome_list>
      <outcome>
        <type>Primary</type>
        <title>Number of Participants Who Achieved Clinical Response by Day 15</title>
        <description>Clinical response was defined as a) discharged alive; or b) No need for mechanical ventilation in any participants and no need for supplemental oxygen requirement (SpO2) in participants without pre-morbid O2 requirement.</description>
        <time_frame>15 days</time_frame>
        <population>Full Analysis Set (FAS) was comprised of all participants to whom study treatment had been assigned by randomization excluding one mis-randomized participant.</population>
        <group_list>
          <group group_id="O1">
            <title>Arm 1: Hydroxychloroquine + Aithromycin Placebo</title>
            <description>Hydroxychloroquine 600mg o.d. as loading dose (Day 1) +followed by 200mg t.i.d was initiated within 8-12 hours of the loading dose (not to exceed 12 hours) Azithromycin placebo o.d.</description>
          </group>
          <group group_id="O2">
            <title>Arm 2: Hydroxychloroquine + Azithromycin</title>
            <description>Hydroxychloroquine 600 mg o.d. as a loading dose (Day 1) followed by 200 mg t.i.d. was initiated within 8-12 hours of the loading dose (not to exceed 12 hours) Azithromycin: 500 mg as a loading dose (Day 1) followed by 250 mg o.d. Day 2 - Day 5</description>
          </group>
          <group group_id="O3">
            <title>Arm 3: Hydroxychloroquine Placebo + Azithromycin Placebo</title>
            <description>Hydroxychloroquine placebo o.d. (day 1) followed by hydroxychloroquine placebo t.i.d Azythromycin placebo o.d.</description>
          </group>
        </group_list>
        <measure>
          <title>Number of Participants Who Achieved Clinical Response by Day 15</title>
          <description>Clinical response was defined as a) discharged alive; or b) No need for mechanical ventilation in any participants and no need for supplemental oxygen requirement (SpO2) in participants without pre-morbid O2 requirement.</description>
          <population>Full Analysis Set (FAS) was comprised of all participants to whom study treatment had been assigned by randomization excluding one mis-randomized participant.</population>
          <units>Participants</units>
          <param>Count of Participants</param>
          <analyzed_list>
            <analyzed>
              <units>Participants</units>
              <scope>Measure</scope>
              <count_list>
                <count group_id="O1" value="7"/>
                <count group_id="O2" value="7"/>
                <count group_id="O3" value="5"/>
              </count_list>
            </analyzed>
          </analyzed_list>
          <class_list>
            <class>
              <category_list>
                <category>
                  <measurement_list>
                    <measurement group_id="O1" value="7"/>
                    <measurement group_id="O2" value="7"/>
                    <measurement group_id="O3" value="4"/>
                  </measurement_list>
                </category>
              </category_list>
            </class>
          </class_list>
        </measure>
      </outcome>
      <outcome>
        <type>Secondary</type>
        <title>Number of Participants Who Achieved Viral Clearance</title>
        <description>Number and percentage of participants with negative or below LLOQ SARS-COV-2 based on polymerase chain reaction (PCR) test</description>
        <time_frame>6 days and 10 Days</time_frame>
        <population>FAS</population>
        <group_list>
          <group group_id="O1">
            <title>Arm 1: Hydroxychloroquine + Aithromycin Placebo</title>
            <description>Hydroxychloroquine 600mg o.d. as loading dose (Day 1) +followed by 200mg t.i.d was initiated within 8-12 hours of the loading dose (not to exceed 12 hours) Azithromycin (AZI) placebo o.d.</description>
          </group>
          <group group_id="O2">
            <title>Arm 2: Hydroxychloroquine + Azithromycin</title>
            <description>Hydroxychloroquine 600 mg o.d. as a loading dose (Day 1) followed by 200 mg t.i.d. was initiated within 8-12 hours of the loading dose (not to exceed 12 hours) Azithromycin: 500 mg as a loading dose (Day 1) followed by 250 mg o.d. Day 2 - Day 5</description>
          </group>
          <group group_id="O3">
            <title>Arm 3: Hydroxychloroquine Placebo + Azithromycin Placebo</title>
            <description>Hydroxychloroquine placebo o.d. (day 1) followed by hydroxychloroquine placebo t.i.d Azythromycin placebo o.d.</description>
          </group>
        </group_list>
        <measure>
          <title>Number of Participants Who Achieved Viral Clearance</title>
          <description>Number and percentage of participants with negative or below LLOQ SARS-COV-2 based on polymerase chain reaction (PCR) test</description>
          <population>FAS</population>
          <units>Participants</units>
          <param>Count of Participants</param>
          <analyzed_list>
            <analyzed>
              <units>Participants</units>
              <scope>Measure</scope>
              <count_list>
                <count group_id="O1" value="7"/>
                <count group_id="O2" value="7"/>
                <count group_id="O3" value="5"/>
              </count_list>
            </analyzed>
          </analyzed_list>
          <class_list>
            <class>
              <title>by 6 days</title>
              <category_list>
                <category>
                  <measurement_list>
                    <measurement group_id="O1" value="2"/>
                    <measurement group_id="O2" value="3"/>
                    <measurement group_id="O3" value="3"/>
                  </measurement_list>
                </category>
              </category_list>
            </class>
            <class>
              <title>by 10 days</title>
              <category_list>
                <category>
                  <measurement_list>
                    <measurement group_id="O1" value="2"/>
                    <measurement group_id="O2" value="3"/>
                    <measurement group_id="O3" value="3"/>
                  </measurement_list>
                </category>
              </category_list>
            </class>
          </class_list>
        </measure>
      </outcome>
      <outcome>
        <type>Secondary</type>
        <title>Number of Participants Discharged or Ready for Discharge</title>
        <description>Number of participants who received hydrochloroquine plus azithromycin relative to placebo who were discharged from hospital</description>
        <time_frame>15 days</time_frame>
        <population>FAS</population>
        <group_list>
          <group group_id="O1">
            <title>Arm 1: Hydroxychloroquine + Aithromycin Placebo</title>
            <description>Hydroxychloroquine 600mg o.d. as loading dose (Day 1) +followed by 200mg t.i.d was initiated within 8-12 hours of the loading dose (not to exceed 12 hours) Azithromycin (AZI) placebo o.d.</description>
          </group>
          <group group_id="O2">
            <title>Arm 2: Hydroxychloroquine + Azithromycin</title>
            <description>Hydroxychloroquine 600 mg o.d. as a loading dose (Day 1) followed by 200 mg t.i.d. was initiated within 8-12 hours of the loading dose (not to exceed 12 hours) Azithromycin: 500 mg as a loading dose (Day 1) followed by 250 mg o.d. Day 2 - Day 5</description>
          </group>
          <group group_id="O3">
            <title>Arm 3: Hydroxychloroquine Placebo + Azithromycin Placebo</title>
            <description>Hydroxychloroquine placebo o.d. (day 1) followed by hydroxychloroquine placebo t.i.d Azythromycin placebo o.d.</description>
          </group>
        </group_list>
        <measure>
          <title>Number of Participants Discharged or Ready for Discharge</title>
          <description>Number of participants who received hydrochloroquine plus azithromycin relative to placebo who were discharged from hospital</description>
          <population>FAS</population>
          <units>participants</units>
          <param>Number</param>
          <analyzed_list>
            <analyzed>
              <units>Participants</units>
              <scope>Measure</scope>
              <count_list>
                <count group_id="O1" value="7"/>
                <count group_id="O2" value="7"/>
                <count group_id="O3" value="5"/>
              </count_list>
            </analyzed>
          </analyzed_list>
          <class_list>
            <class>
              <category_list>
                <category>
                  <measurement_list>
                    <measurement group_id="O1" value="7"/>
                    <measurement group_id="O2" value="7"/>
                    <measurement group_id="O3" value="4"/>
                  </measurement_list>
                </category>
              </category_list>
            </class>
          </class_list>
        </measure>
      </outcome>
      <outcome>
        <type>Secondary</type>
        <title>Time to Return to Pre-morbid Supplemental Oxygen Requirement in Participants Receiving Hydrochloroquine or Hydrochloroquine Plus Azithromycin Relative to Placebo</title>
        <description>Number of participants requiring supplemental oxygen at the time of randomization who returned to pre-morbid supplemental oxygen</description>
        <time_frame>15 days</time_frame>
        <population>FAS</population>
        <group_list>
          <group group_id="O1">
            <title>Arm 1: Hydroxychloroquine + Aithromycin Placebo</title>
            <description>Hydroxychloroquine 600mg o.d. as loading dose (Day 1) +followed by 200mg t.i.d was initiated within 8-12 hours of the loading dose (not to exceed 12 hours) Azithromycin (AZI) placebo o.d.</description>
          </group>
          <group group_id="O2">
            <title>Arm 2: Hydroxychloroquine + Azithromycin</title>
            <description>Hydroxychloroquine 600 mg o.d. as a loading dose (Day 1) followed by 200 mg t.i.d. was initiated within 8-12 hours of the loading dose (not to exceed 12 hours) Azithromycin: 500 mg as a loading dose (Day 1) followed by 250 mg o.d. Day 2 - Day 5</description>
          </group>
          <group group_id="O3">
            <title>Arm 3: Hydroxychloroquine Placebo + Azithromycin Placebo</title>
            <description>Hydroxychloroquine placebo o.d. (day 1) followed by hydroxychloroquine placebo t.i.d Azythromycin placebo o.d.</description>
          </group>
        </group_list>
        <measure>
          <title>Time to Return to Pre-morbid Supplemental Oxygen Requirement in Participants Receiving Hydrochloroquine or Hydrochloroquine Plus Azithromycin Relative to Placebo</title>
          <description>Number of participants requiring supplemental oxygen at the time of randomization who returned to pre-morbid supplemental oxygen</description>
          <population>FAS</population>
          <units>participants</units>
          <param>Number</param>
          <analyzed_list>
            <analyzed>
              <units>Participants</units>
              <scope>Measure</scope>
              <count_list>
                <count group_id="O1" value="7"/>
                <count group_id="O2" value="7"/>
                <count group_id="O3" value="5"/>
              </count_list>
            </analyzed>
          </analyzed_list>
          <class_list>
            <class>
              <category_list>
                <category>
                  <measurement_list>
                    <measurement group_id="O1" value="7"/>
                    <measurement group_id="O2" value="6"/>
                    <measurement group_id="O3" value="4"/>
                  </measurement_list>
                </category>
              </category_list>
            </class>
          </class_list>
        </measure>
      </outcome>
    </outcome_list>

    <reported_events>
      <time_frame>at day 15</time_frame>
      <desc>Adverse Events (AEs) are any untoward sign or symptom that occured during the study treatment period of 15 days</desc>
      <group_list>
        <group group_id="E1">
          <title>Hydroxychloroquine + Aithromycin Placebo</title>
          <description>HCQ</description>
        </group>
        <group group_id="E2">
          <title>Hydroxychloroquine + Azithromycin</title>
          <description>HCQ + AZI</description>
        </group>
        <group group_id="E3">
          <title>Hydroxychloroquine Placebo + Azithromycin Placebo</title>
          <description>HCG + AZI + Placebo</description>
        </group>
        <group group_id="E4">
          <title>Total</title>
          <description>Total</description>
        </group>
      </group_list>
      <serious_events>
        <default_vocab>MedDRA (23.0)</default_vocab>
        <default_assessment>Systematic Assessment</default_assessment>
        <category_list>
          <category>
            <title>Total</title>
            <event_list>
              <event>
                <sub_title>Total, all-cause mortality</sub_title>
                <counts group_id="E1" subjects_affected="0" subjects_at_risk="7"/>
                <counts group_id="E2" subjects_affected="0" subjects_at_risk="7"/>
                <counts group_id="E3" subjects_affected="1" subjects_at_risk="5"/>
                <counts group_id="E4" subjects_affected="1" subjects_at_risk="19"/>
              </event>
              <event>
                <sub_title>Total, serious adverse events</sub_title>
                <counts group_id="E1" subjects_affected="1" subjects_at_risk="7"/>
                <counts group_id="E2" subjects_affected="0" subjects_at_risk="7"/>
                <counts group_id="E3" subjects_affected="2" subjects_at_risk="5"/>
                <counts group_id="E4" subjects_affected="3" subjects_at_risk="19"/>
              </event>
            </event_list>
          </category>
          <category>
            <title>Cardiac disorders</title>
            <event_list>
              <event>
                <sub_title>Cardiac arrest</sub_title>
                <counts group_id="E1" subjects_affected="0" subjects_at_risk="7"/>
                <counts group_id="E2" subjects_affected="0" subjects_at_risk="7"/>
                <counts group_id="E3" subjects_affected="1" subjects_at_risk="5"/>
                <counts group_id="E4" subjects_affected="1" subjects_at_risk="19"/>
              </event>
            </event_list>
          </category>
          <category>
            <title>Renal and urinary disorders</title>
            <event_list>
              <event>
                <sub_title>Acute kidney injury</sub_title>
                <counts group_id="E1" subjects_affected="0" subjects_at_risk="7"/>
                <counts group_id="E2" subjects_affected="0" subjects_at_risk="7"/>
                <counts group_id="E3" subjects_affected="1" subjects_at_risk="5"/>
                <counts group_id="E4" subjects_affected="1" subjects_at_risk="19"/>
              </event>
            </event_list>
          </category>
          <category>
            <title>Respiratory, thoracic and mediastinal disorders</title>
            <event_list>
              <event>
                <sub_title>Hypoxia</sub_title>
                <counts group_id="E1" subjects_affected="1" subjects_at_risk="7"/>
                <counts group_id="E2" subjects_affected="0" subjects_at_risk="7"/>
                <counts group_id="E3" subjects_affected="0" subjects_at_risk="5"/>
                <counts group_id="E4" subjects_affected="1" subjects_at_risk="19"/>
              </event>
              <event>
                <sub_title>Tachypnoea</sub_title>
                <counts group_id="E1" subjects_affected="0" subjects_at_risk="7"/>
                <counts group_id="E2" subjects_affected="0" subjects_at_risk="7"/>
                <counts group_id="E3" subjects_affected="1" subjects_at_risk="5"/>
                <counts group_id="E4" subjects_affected="1" subjects_at_risk="19"/>
              </event>
            </event_list>
          </category>
        </category_list>
      </serious_events>
      <other_events>
        <frequency_threshold>5</frequency_threshold>
        <default_vocab>MedDRA (23.0)</default_vocab>
        <default_assessment>Systematic Assessment</default_assessment>
        <category_list>
          <category>
            <title>Total</title>
            <event_list>
              <event>
                <sub_title>Total, other adverse events</sub_title>
                <counts group_id="E1" subjects_affected="4" subjects_at_risk="7"/>
                <counts group_id="E2" subjects_affected="5" subjects_at_risk="7"/>
                <counts group_id="E3" subjects_affected="2" subjects_at_risk="5"/>
                <counts group_id="E4" subjects_affected="11" subjects_at_risk="19"/>
              </event>
            </event_list>
          </category>
          <category>
            <title>Cardiac disorders</title>
            <event_list>
              <event>
                <sub_title>Intracardiac mass</sub_title>
                <counts group_id="E1" subjects_affected="1" subjects_at_risk="7"/>
                <counts group_id="E2" subjects_affected="0" subjects_at_risk="7"/>
                <counts group_id="E3" subjects_affected="0" subjects_at_risk="5"/>
                <counts group_id="E4" subjects_affected="1" subjects_at_risk="19"/>
              </event>
            </event_list>
          </category>
          <category>
            <title>Gastrointestinal disorders</title>
            <event_list>
              <event>
                <sub_title>Constipation</sub_title>
                <counts group_id="E1" subjects_affected="1" subjects_at_risk="7"/>
                <counts group_id="E2" subjects_affected="1" subjects_at_risk="7"/>
                <counts group_id="E3" subjects_affected="0" subjects_at_risk="5"/>
                <counts group_id="E4" subjects_affected="2" subjects_at_risk="19"/>
              </event>
              <event>
                <sub_title>Diarrhoea</sub_title>
                <counts group_id="E1" subjects_affected="0" subjects_at_risk="7"/>
                <counts group_id="E2" subjects_affected="3" subjects_at_risk="7"/>
                <counts group_id="E3" subjects_affected="0" subjects_at_risk="5"/>
                <counts group_id="E4" subjects_affected="3" subjects_at_risk="19"/>
              </event>
              <event>
                <sub_title>Gastrooesophageal reflux disease</sub_title>
                <counts group_id="E1" subjects_affected="0" subjects_at_risk="7"/>
                <counts group_id="E2" subjects_affected="1" subjects_at_risk="7"/>
                <counts group_id="E3" subjects_affected="0" subjects_at_risk="5"/>
                <counts group_id="E4" subjects_affected="1" subjects_at_risk="19"/>
              </event>
              <event>
                <sub_title>Nausea</sub_title>
                <counts group_id="E1" subjects_affected="0" subjects_at_risk="7"/>
                <counts group_id="E2" subjects_affected="2" subjects_at_risk="7"/>
                <counts group_id="E3" subjects_affected="0" subjects_at_risk="5"/>
                <counts group_id="E4" subjects_affected="2" subjects_at_risk="19"/>
              </event>
              <event>
                <sub_title>Vomiting</sub_title>
                <counts group_id="E1" subjects_affected="0" subjects_at_risk="7"/>
                <counts group_id="E2" subjects_affected="1" subjects_at_risk="7"/>
                <counts group_id="E3" subjects_affected="0" subjects_at_risk="5"/>
                <counts group_id="E4" subjects_affected="1" subjects_at_risk="19"/>
              </event>
            </event_list>
          </category>
          <category>
            <title>General disorders</title>
            <event_list>
              <event>
                <sub_title>Chest discomfort</sub_title>
                <counts group_id="E1" subjects_affected="0" subjects_at_risk="7"/>
                <counts group_id="E2" subjects_affected="1" subjects_at_risk="7"/>
                <counts group_id="E3" subjects_affected="0" subjects_at_risk="5"/>
                <counts group_id="E4" subjects_affected="1" subjects_at_risk="19"/>
              </event>
              <event>
                <sub_title>Chest pain</sub_title>
                <counts group_id="E1" subjects_affected="0" subjects_at_risk="7"/>
                <counts group_id="E2" subjects_affected="1" subjects_at_risk="7"/>
                <counts group_id="E3" subjects_affected="0" subjects_at_risk="5"/>
                <counts group_id="E4" subjects_affected="1" subjects_at_risk="19"/>
              </event>
              <event>
                <sub_title>Chills</sub_title>
                <counts group_id="E1" subjects_affected="0" subjects_at_risk="7"/>
                <counts group_id="E2" subjects_affected="1" subjects_at_risk="7"/>
                <counts group_id="E3" subjects_affected="0" subjects_at_risk="5"/>
                <counts group_id="E4" subjects_affected="1" subjects_at_risk="19"/>
              </event>
              <event>
                <sub_title>Fatigue</sub_title>
                <counts group_id="E1" subjects_affected="1" subjects_at_risk="7"/>
                <counts group_id="E2" subjects_affected="1" subjects_at_risk="7"/>
                <counts group_id="E3" subjects_affected="1" subjects_at_risk="5"/>
                <counts group_id="E4" subjects_affected="3" subjects_at_risk="19"/>
              </event>
              <event>
                <sub_title>Pain</sub_title>
                <counts group_id="E1" subjects_affected="0" subjects_at_risk="7"/>
                <counts group_id="E2" subjects_affected="1" subjects_at_risk="7"/>
                <counts group_id="E3" subjects_affected="0" subjects_at_risk="5"/>
                <counts group_id="E4" subjects_affected="1" subjects_at_risk="19"/>
              </event>
              <event>
                <sub_title>Pyrexia</sub_title>
                <counts group_id="E1" subjects_affected="0" subjects_at_risk="7"/>
                <counts group_id="E2" subjects_affected="1" subjects_at_risk="7"/>
                <counts group_id="E3" subjects_affected="0" subjects_at_risk="5"/>
                <counts group_id="E4" subjects_affected="1" subjects_at_risk="19"/>
              </event>
            </event_list>
          </category>
          <category>
            <title>Investigations</title>
            <event_list>
              <event>
                <sub_title>Alanine aminotransferase increased</sub_title>
                <counts group_id="E1" subjects_affected="0" subjects_at_risk="7"/>
                <counts group_id="E2" subjects_affected="2" subjects_at_risk="7"/>
                <counts group_id="E3" subjects_affected="1" subjects_at_risk="5"/>
                <counts group_id="E4" subjects_affected="3" subjects_at_risk="19"/>
              </event>
              <event>
                <sub_title>Aspartate aminotransferase increased</sub_title>
                <counts group_id="E1" subjects_affected="0" subjects_at_risk="7"/>
                <counts group_id="E2" subjects_affected="2" subjects_at_risk="7"/>
                <counts group_id="E3" subjects_affected="1" subjects_at_risk="5"/>
                <counts group_id="E4" subjects_affected="3" subjects_at_risk="19"/>
              </event>
              <event>
                <sub_title>Blood bilirubin increased</sub_title>
                <counts group_id="E1" subjects_affected="0" subjects_at_risk="7"/>
                <counts group_id="E2" subjects_affected="1" subjects_at_risk="7"/>
                <counts group_id="E3" subjects_affected="0" subjects_at_risk="5"/>
                <counts group_id="E4" subjects_affected="1" subjects_at_risk="19"/>
              </event>
              <event>
                <sub_title>Blood lactate dehydrogenase increased</sub_title>
                <counts group_id="E1" subjects_affected="0" subjects_at_risk="7"/>
                <counts group_id="E2" subjects_affected="1" subjects_at_risk="7"/>
                <counts group_id="E3" subjects_affected="0" subjects_at_risk="5"/>
                <counts group_id="E4" subjects_affected="1" subjects_at_risk="19"/>
              </event>
              <event>
                <sub_title>Blood triglycerides increased</sub_title>
                <counts group_id="E1" subjects_affected="0" subjects_at_risk="7"/>
                <counts group_id="E2" subjects_affected="1" subjects_at_risk="7"/>
                <counts group_id="E3" subjects_affected="0" subjects_at_risk="5"/>
                <counts group_id="E4" subjects_affected="1" subjects_at_risk="19"/>
              </event>
              <event>
                <sub_title>Electrocardiogram QT prolonged</sub_title>
                <counts group_id="E1" subjects_affected="1" subjects_at_risk="7"/>
                <counts group_id="E2" subjects_affected="0" subjects_at_risk="7"/>
                <counts group_id="E3" subjects_affected="0" subjects_at_risk="5"/>
                <counts group_id="E4" subjects_affected="1" subjects_at_risk="19"/>
              </event>
              <event>
                <sub_title>Hepatic enzyme increased</sub_title>
                <counts group_id="E1" subjects_affected="0" subjects_at_risk="7"/>
                <counts group_id="E2" subjects_affected="1" subjects_at_risk="7"/>
                <counts group_id="E3" subjects_affected="0" subjects_at_risk="5"/>
                <counts group_id="E4" subjects_affected="1" subjects_at_risk="19"/>
              </event>
              <event>
                <sub_title>Neutrophil percentage increased</sub_title>
                <counts group_id="E1" subjects_affected="0" subjects_at_risk="7"/>
                <counts group_id="E2" subjects_affected="1" subjects_at_risk="7"/>
                <counts group_id="E3" subjects_affected="0" subjects_at_risk="5"/>
                <counts group_id="E4" subjects_affected="1" subjects_at_risk="19"/>
              </event>
              <event>
                <sub_title>Urine analysis abnormal</sub_title>
                <counts group_id="E1" subjects_affected="0" subjects_at_risk="7"/>
                <counts group_id="E2" subjects_affected="1" subjects_at_risk="7"/>
                <counts group_id="E3" subjects_affected="0" subjects_at_risk="5"/>
                <counts group_id="E4" subjects_affected="1" subjects_at_risk="19"/>
              </event>
            </event_list>
          </category>
          <category>
            <title>Metabolism and nutrition disorders</title>
            <event_list>
              <event>
                <sub_title>Decreased appetite</sub_title>
                <counts group_id="E1" subjects_affected="0" subjects_at_risk="7"/>
                <counts group_id="E2" subjects_affected="2" subjects_at_risk="7"/>
                <counts group_id="E3" subjects_affected="0" subjects_at_risk="5"/>
                <counts group_id="E4" subjects_affected="2" subjects_at_risk="19"/>
              </event>
              <event>
                <sub_title>Hypercholesterolaemia</sub_title>
                <counts group_id="E1" subjects_affected="0" subjects_at_risk="7"/>
                <counts group_id="E2" subjects_affected="0" subjects_at_risk="7"/>
                <counts group_id="E3" subjects_affected="1" subjects_at_risk="5"/>
                <counts group_id="E4" subjects_affected="1" subjects_at_risk="19"/>
              </event>
              <event>
                <sub_title>Hyperkalaemia</sub_title>
                <counts group_id="E1" subjects_affected="1" subjects_at_risk="7"/>
                <counts group_id="E2" subjects_affected="0" subjects_at_risk="7"/>
                <counts group_id="E3" subjects_affected="0" subjects_at_risk="5"/>
                <counts group_id="E4" subjects_affected="1" subjects_at_risk="19"/>
              </event>
              <event>
                <sub_title>Vitamin B12 deficiency</sub_title>
                <counts group_id="E1" subjects_affected="1" subjects_at_risk="7"/>
                <counts group_id="E2" subjects_affected="0" subjects_at_risk="7"/>
                <counts group_id="E3" subjects_affected="0" subjects_at_risk="5"/>
                <counts group_id="E4" subjects_affected="1" subjects_at_risk="19"/>
              </event>
            </event_list>
          </category>
          <category>
            <title>Musculoskeletal and connective tissue disorders</title>
            <event_list>
              <event>
                <sub_title>Muscular weakness</sub_title>
                <counts group_id="E1" subjects_affected="0" subjects_at_risk="7"/>
                <counts group_id="E2" subjects_affected="1" subjects_at_risk="7"/>
                <counts group_id="E3" subjects_affected="0" subjects_at_risk="5"/>
                <counts group_id="E4" subjects_affected="1" subjects_at_risk="19"/>
              </event>
              <event>
                <sub_title>Myalgia</sub_title>
                <counts group_id="E1" subjects_affected="0" subjects_at_risk="7"/>
                <counts group_id="E2" subjects_affected="1" subjects_at_risk="7"/>
                <counts group_id="E3" subjects_affected="0" subjects_at_risk="5"/>
                <counts group_id="E4" subjects_affected="1" subjects_at_risk="19"/>
              </event>
            </event_list>
          </category>
          <category>
            <title>Nervous system disorders</title>
            <event_list>
              <event>
                <sub_title>Dizziness</sub_title>
                <counts group_id="E1" subjects_affected="0" subjects_at_risk="7"/>
                <counts group_id="E2" subjects_affected="1" subjects_at_risk="7"/>
                <counts group_id="E3" subjects_affected="0" subjects_at_risk="5"/>
                <counts group_id="E4" subjects_affected="1" subjects_at_risk="19"/>
              </event>
              <event>
                <sub_title>Dysgeusia</sub_title>
                <counts group_id="E1" subjects_affected="0" subjects_at_risk="7"/>
                <counts group_id="E2" subjects_affected="1" subjects_at_risk="7"/>
                <counts group_id="E3" subjects_affected="0" subjects_at_risk="5"/>
                <counts group_id="E4" subjects_affected="1" subjects_at_risk="19"/>
              </event>
              <event>
                <sub_title>Headache</sub_title>
                <counts group_id="E1" subjects_affected="0" subjects_at_risk="7"/>
                <counts group_id="E2" subjects_affected="2" subjects_at_risk="7"/>
                <counts group_id="E3" subjects_affected="0" subjects_at_risk="5"/>
                <counts group_id="E4" subjects_affected="2" subjects_at_risk="19"/>
              </event>
            </event_list>
          </category>
          <category>
            <title>Psychiatric disorders</title>
            <event_list>
              <event>
                <sub_title>Feeling of despair</sub_title>
                <counts group_id="E1" subjects_affected="0" subjects_at_risk="7"/>
                <counts group_id="E2" subjects_affected="1" subjects_at_risk="7"/>
                <counts group_id="E3" subjects_affected="0" subjects_at_risk="5"/>
                <counts group_id="E4" subjects_affected="1" subjects_at_risk="19"/>
              </event>
              <event>
                <sub_title>Insomnia</sub_title>
                <counts group_id="E1" subjects_affected="1" subjects_at_risk="7"/>
                <counts group_id="E2" subjects_affected="0" subjects_at_risk="7"/>
                <counts group_id="E3" subjects_affected="0" subjects_at_risk="5"/>
                <counts group_id="E4" subjects_affected="1" subjects_at_risk="19"/>
              </event>
            </event_list>
          </category>
          <category>
            <title>Renal and urinary disorders</title>
            <event_list>
              <event>
                <sub_title>Acute kidney injury</sub_title>
                <counts group_id="E1" subjects_affected="1" subjects_at_risk="7"/>
                <counts group_id="E2" subjects_affected="0" subjects_at_risk="7"/>
                <counts group_id="E3" subjects_affected="0" subjects_at_risk="5"/>
                <counts group_id="E4" subjects_affected="1" subjects_at_risk="19"/>
              </event>
            </event_list>
          </category>
          <category>
            <title>Respiratory, thoracic and mediastinal disorders</title>
            <event_list>
              <event>
                <sub_title>Cough</sub_title>
                <counts group_id="E1" subjects_affected="1" subjects_at_risk="7"/>
                <counts group_id="E2" subjects_affected="2" subjects_at_risk="7"/>
                <counts group_id="E3" subjects_affected="0" subjects_at_risk="5"/>
                <counts group_id="E4" subjects_affected="3" subjects_at_risk="19"/>
              </event>
              <event>
                <sub_title>Dyspnoea</sub_title>
                <counts group_id="E1" subjects_affected="1" subjects_at_risk="7"/>
                <counts group_id="E2" subjects_affected="1" subjects_at_risk="7"/>
                <counts group_id="E3" subjects_affected="0" subjects_at_risk="5"/>
                <counts group_id="E4" subjects_affected="2" subjects_at_risk="19"/>
              </event>
              <event>
                <sub_title>Hypoxia</sub_title>
                <counts group_id="E1" subjects_affected="0" subjects_at_risk="7"/>
                <counts group_id="E2" subjects_affected="1" subjects_at_risk="7"/>
                <counts group_id="E3" subjects_affected="0" subjects_at_risk="5"/>
                <counts group_id="E4" subjects_affected="1" subjects_at_risk="19"/>
              </event>
              <event>
                <sub_title>Pleuritic pain</sub_title>
                <counts group_id="E1" subjects_affected="0" subjects_at_risk="7"/>
                <counts group_id="E2" subjects_affected="1" subjects_at_risk="7"/>
                <counts group_id="E3" subjects_affected="0" subjects_at_risk="5"/>
                <counts group_id="E4" subjects_affected="1" subjects_at_risk="19"/>
              </event>
            </event_list>
          </category>
          <category>
            <title>Skin and subcutaneous tissue disorders</title>
            <event_list>
              <event>
                <sub_title>Night sweats</sub_title>
                <counts group_id="E1" subjects_affected="0" subjects_at_risk="7"/>
                <counts group_id="E2" subjects_affected="1" subjects_at_risk="7"/>
                <counts group_id="E3" subjects_affected="0" subjects_at_risk="5"/>
                <counts group_id="E4" subjects_affected="1" subjects_at_risk="19"/>
              </event>
            </event_list>
          </category>
          <category>
            <title>Vascular disorders</title>
            <event_list>
              <event>
                <sub_title>Hypotension</sub_title>
                <counts group_id="E1" subjects_affected="1" subjects_at_risk="7"/>
                <counts group_id="E2" subjects_affected="0" subjects_at_risk="7"/>
                <counts group_id="E3" subjects_affected="0" subjects_at_risk="5"/>
                <counts group_id="E4" subjects_affected="1" subjects_at_risk="19"/>
              </event>
            </event_list>
          </category>
        </category_list>
      </other_events>
    </reported_events>

    <certain_agreements>
      <pi_employee>Principal Investigators are NOT employed by the organization sponsoring the study.</pi_employee>
      <restrictive_agreement>The terms and conditions of Novartis' agreements with its investigators may vary. However, Novartis does not prohibit any investigator from publishing. Any publications from a single-site are postponed until the publication of the pooled data (i.e., data from all sites) in the clinical trial or disclosure of trial results in their entirety.</restrictive_agreement>
    </certain_agreements>
    <limitations_and_caveats>Only 20 participants of the initially planned 444 were randomized; and one of those was mis-randomized (so total of 19 participants). Due to this limited number of participants, study objectives could not be evaluated as planned. Results for select efficacy and for safety were summarized based in the information collected up to the eCRF database lock on 13-Aug-2020.</limitations_and_caveats>
    <point_of_contact>
      <name_or_title>Study Director</name_or_title>
      <organization>Novartis Pharmaceuticals</organization>
      <phone>+1 (862) 778-8300</phone>
      <email>novartis.email@novartis.com</email>
    </point_of_contact>
  </clinical_results>
</clinical_study>

