<?xml version="1.0" encoding="UTF-8"?>
<clinical_study rank="12">
  <!-- This xml conforms to an XML Schema at:
    https://clinicaltrials.gov/ct2/html/images/info/public.xsd -->
  <required_header>
    <download_date>ClinicalTrials.gov processed this data on April 02, 2021</download_date>
    <link_text>Link to the current ClinicalTrials.gov record.</link_text>
    <url>https://clinicaltrials.gov/show/NCT04523831</url>
  </required_header>
  <id_info>
    <org_study_id>ERC-DMC/ECC/2020/117</org_study_id>
    <nct_id>NCT04523831</nct_id>
  </id_info>
  <brief_title>Clinical Trial of Ivermectin Plus Doxycycline for the Treatment of Confirmed Covid-19 Infection</brief_title>
  <official_title>A Phase III Trial to Promote Recovery From Covid 19 With Combined Doxycycline and Ivermectin Along Standard Care</official_title>
  <sponsors>
    <lead_sponsor>
      <agency>Dhaka Medical College</agency>
      <agency_class>Other</agency_class>
    </lead_sponsor>
  </sponsors>
  <source>Dhaka Medical College</source>
  <oversight_info>
    <has_dmc>Yes</has_dmc>
    <is_fda_regulated_drug>No</is_fda_regulated_drug>
    <is_fda_regulated_device>No</is_fda_regulated_device>
  </oversight_info>
  <brief_summary>
    <textblock>
      On 31 December 2019, the World Health Organization (WHO) was formally notified about a&#xD;
      cluster of cases of pneumonia in Wuhan City, China. On 7 January the responsible virus was&#xD;
      isolated and its genome sequence was shared on 12 January. It was named as COVID-19, a novel&#xD;
      Coronavirus, SARS-CoV-2. It is a member of the Corona virus family which is RNA enveloped&#xD;
      viruses.&#xD;
&#xD;
      Very rapidly the virus emerged as pandemic. Now it is dominating the lives of every people of&#xD;
      this universe. Management of the COVID-19 relies on mainly supportive care and oxygen&#xD;
      supplementation via non-invasive or mechanical ventilation in critical cases. Patients who&#xD;
      are critically ill may also require vasopressor support and antibiotics for secondary&#xD;
      bacterial infections.&#xD;
&#xD;
      There is no vaccine or highly effective antiviral drugs for COVID-19. Currently there is a&#xD;
      tremendous effort around the world to develop effective preventive and therapeutic treatment&#xD;
      for this disease.&#xD;
&#xD;
      World Health Organization has launched a non-blinded clinical trial (SOLIDARITY) to evaluate&#xD;
      four candidate treatments (remdesivir, lopinavir/ritonavir, lopinavir/ritonavir/ interferon&#xD;
      beta-1a, and chloroquine or hydroxychloroquine) versus standard of care in 18 countries&#xD;
      worldwide. RECOVERY trial one of the largest trials to see the efficacy and safety of&#xD;
      hydroxychloroquine revealed that they are no clear cut clinical benefit for COVID-19. Other&#xD;
      drugs in the SOLIDARTY trial are quite expansive for resource limited countries like&#xD;
      Bangladesh.&#xD;
&#xD;
      Study Published in the American Journal of Tropical Medicine advocates further research into&#xD;
      Ivermectin for COVID-19 Treatment. The spotlight on Ivermectin was brought by Australian&#xD;
      researchers from Monash University who demonstrated its efficacy against the SARS-CoV-2&#xD;
      coronavirus in vitro studies.&#xD;
&#xD;
      In different study Doxycycline also showed promising results in treatment of COVID 19&#xD;
      infection. It is highly lipophilic antibiotics that are known to chelate zinc component of&#xD;
      matrix metalloprotienases (MMP). Corona viruses are known to rely heavily of MMPs for&#xD;
      survival, cell infiltration and replication. It also has an anti-inflammatory effect which&#xD;
      might be effective in combating cytokine storm of Covid-19 infection.&#xD;
&#xD;
      So it have been planned to conduct an experimental clinical trial using combination of&#xD;
      ivermectin and doxycycline for treatment of COVID 19 along with the other standard care.&#xD;
    </textblock>
  </brief_summary>
  <detailed_description>
    <textblock>
      OBJECTIVES:&#xD;
&#xD;
      General objectives:&#xD;
&#xD;
      To observe the benefit (clinical and microbiological) of Ivermectin and Doxycycline in&#xD;
      Confirmed Covid 19 cases.&#xD;
&#xD;
      Specific objectives:&#xD;
&#xD;
        1. To observe the clinical outcome in trial group and the placebo group.&#xD;
&#xD;
        2. To observe the duration require controlling viral replication (negative RT-PCR) in the&#xD;
           trial and placebo group.&#xD;
&#xD;
        3. To compare the outcome between the two groups.&#xD;
&#xD;
      RATIONALE:&#xD;
&#xD;
      Covid-19 is an emergent pandemic, threatens the life of millions of the people throughout the&#xD;
      globe. There is increasing effort of the scientist to unveil a remedy of covid-19. Still it&#xD;
      is unsuccessful. At present there is no other alternative other than experimenting the&#xD;
      existent drug against the virus. There are several trials going throughout the globe. Among&#xD;
      them Ivermectin showed good efficacy in vitro trial. Some clinical trial also proved it&#xD;
      beneficial. The Doxycycline also has some anti viral role with its prominent&#xD;
      anti-inflammatory role. Synergistic action of the two drugs might be proved some benefit in&#xD;
      clinical trial. As both drugs are cheap and less toxic, if it does, it would be the blessing&#xD;
      for the poor people of the globe.&#xD;
&#xD;
      METHODOLOGY:&#xD;
&#xD;
      Study type: Interventional Clinical trial Estimated enrollment: 200 participants per group&#xD;
&#xD;
      For superior trial, the formula is:&#xD;
&#xD;
      N=size per group; p=the response rate of standard treatment group; p0= the response rate of&#xD;
      new drug treatment group; zx= the standard normal deviate for a one or two sided x; d= the&#xD;
      real difference between two treatment effect; δ0= a clinically acceptable margin; S2= Polled&#xD;
      standard deviation of both comparison groups.&#xD;
&#xD;
      All parameters were assumed as follows: p =0.40; p0=0.58; α=0.05;β=0.20; δ=0.18; δ0=0.10.&#xD;
&#xD;
      However, we are assuming that lost to follow up or refuse to include in trial will be 20%,&#xD;
      that means 24. So at least 150 patients will be allocated randomly and power of this study&#xD;
      will be 80%.&#xD;
&#xD;
      Allocation: Randomized Intervention model: Parallel assignment Intervention model&#xD;
      description: Patient will be randomized 1:1 to placaebo with standard care and combined&#xD;
      doxycycline and ivermectin with standard care.&#xD;
&#xD;
      Blinding: Double blind (The participant and the clinicians/data collectors will be unaware of&#xD;
      the treatment the participant receives) Primary purpose: Treatment Official title: A phase&#xD;
      III trial to promote recovery from covid 19 with combined Doxycycline and Ivermectin along&#xD;
      standard care. Provider of placebo and active ingredients: Popular pharmaceutical limited&#xD;
      Dosage of the drugs: Ivermactin 6 mg 2 tab stat, cap Doxycycline 100 mg 1 cap BD 5 days&#xD;
&#xD;
      Data collection technique:&#xD;
&#xD;
      Data will be collected by assigned. trained data collectors (Physician). Patient will be&#xD;
      enrolled according to defined inclusion and exclusion criteria in the current research.&#xD;
      Informed written consent will be obtained from the patient or their relatives. Each patient&#xD;
      participating in the trial will be uniquely identified, and information such as his name,&#xD;
      address is recorded in the trial 'subject number list'. Only the principle investigator will&#xD;
      be aware about the allocation of the drugs. The patients and the data collectors will be&#xD;
      unaware about the group allocation of the drugs. The Data will be reviewed by the&#xD;
      co-investigators. It will be managed by principle and co-principle investigators in&#xD;
      designated computer.&#xD;
&#xD;
      Clinical assessment (fever, cough, Anorexia, Temperature, pulse, blood pressure, respiratory&#xD;
      rate, oxygen saturation) will be done every day. Routine investigation (CBC, ESR, CRP,&#xD;
      Creatinine, RBS, SGPT, chest x-ray, D- Dimer) will be done at admission and at day 3, 5, 7,&#xD;
      10 and 14 day. In case of the clinical deterioration it would done according to necessity.&#xD;
      RT-PCR will be done at day-0, Day 5, day 7 and day 14.&#xD;
&#xD;
      Standard care: both the experimental and placebo will receive the available standard of care,&#xD;
      like-&#xD;
&#xD;
        -  Paracetamol, Antihistamine, Cough suppressant, Vitamins&#xD;
&#xD;
        -  Oxygen therapy according to indication and need&#xD;
&#xD;
        -  Low molecular weight heparin according to indication&#xD;
&#xD;
        -  Appropriate other broad spectrum antibiotics&#xD;
&#xD;
        -  Other drugs for associated co- morbid condition&#xD;
&#xD;
      Management of the adverse events:&#xD;
&#xD;
      Drugs adverse effect will be monitored by a defined committee. The patient experiencing&#xD;
      adverse effect of the drugs will be discontinued from the study. It will be managed with&#xD;
      priority to the highest possible level by the hospital authority as well as the&#xD;
      investigators.&#xD;
&#xD;
      If the patient progresses from mild to moderate or severe disease, the study will be&#xD;
      continued and available management of the appropriate severity will be immediately started.&#xD;
      The patient will be monitored closely.&#xD;
&#xD;
      Data analysis:&#xD;
&#xD;
      Data will be analyzed by computer with the help of SPSS (Statistical Package for Social&#xD;
      Sciences) version 26. Unpaired t-test would be used for testing quantitative data and for&#xD;
      testing qualitative data two sample z- test will be used. Comparing drug outcome in between&#xD;
      two groups hazard ratio, Kaplan-Meire curve will be used.&#xD;
&#xD;
      Dropout management: Likelihood based methods such as mixed models will be used to estimate&#xD;
      unbiased treatment effects, under assumptions regarding the missingness mechanisms.&#xD;
    </textblock>
  </detailed_description>
  <overall_status>Completed</overall_status>
  <start_date type="Actual">June 1, 2020</start_date>
  <completion_date type="Actual">September 10, 2020</completion_date>
  <primary_completion_date type="Actual">August 22, 2020</primary_completion_date>
  <phase>Phase 3</phase>
  <study_type>Interventional</study_type>
  <has_expanded_access>No</has_expanded_access>
  <study_design_info>
    <allocation>Randomized</allocation>
    <intervention_model>Parallel Assignment</intervention_model>
    <intervention_model_description>Patient will be randomized 1:1 to placaebo with standard care and combined doxycycline and ivermectin with standard care.</intervention_model_description>
    <primary_purpose>Treatment</primary_purpose>
    <masking>Double (Participant, Investigator)</masking>
    <masking_description>Double blind (The participant and the clinicians/data collectors will be unaware of the treatment the participant receives).The drugs will be labelled with a random code number</masking_description>
  </study_design_info>
  <primary_outcome>
    <measure>Number of Patients With Early Clinical Improvement</measure>
    <time_frame>7 days</time_frame>
    <description>Number of patients have clinical improvement as described by WHO and Bangladesh local guideline with 7 days..&#xD;
Body temperature remains normal for at least 3 days (ear temperature is lower than 37.5 °C).&#xD;
Respiratory symptoms are significantly improved.&#xD;
Lung imaging shows obvious improvement in lesions.&#xD;
There is no co-morbidities or complications which require hospitalization.&#xD;
SpO2, &gt;93% without assisted oxygen inhalation.</description>
  </primary_outcome>
  <primary_outcome>
    <measure>Number of Participants With Late Clinical Recovery</measure>
    <time_frame>12 days</time_frame>
    <description>Number of the patients required more than 12 days for clinical improvement as defined above.</description>
  </primary_outcome>
  <secondary_outcome>
    <measure>Number of Patients Having Clinical Deterioration.</measure>
    <time_frame>1 month</time_frame>
    <description>Number of patients deteriorating to next level of severity, like moderate, severe and death. That is from mild illness at presentation with subsequent follow up developed moderate, severe illness or death. Like wise from moderate illness at presentation developed severe illness or death.&#xD;
Mild illness: These patients usually present with symptoms of an upper respiratory tract viral infection, including mild fever, cough (dry), sore throat, nasal congestion, malaise, headache, muscle pain, or malaise. Signs and symptoms of a more serious disease, such as dyspnea, are not present Moderate illness: Respiratory symptoms such as cough and shortness of breath (or tachypnea in children) are present without signs of severe pneumonia.&#xD;
Severe illness:severe dyspnea, respiratory distress, tachypnea (&gt; 30 breaths/min), and hypoxia (SpO2 &lt; 90% on room air).</description>
  </secondary_outcome>
  <secondary_outcome>
    <measure>Number of Patients Remain Persistently Positive for RT-PCR of Covid-19</measure>
    <time_frame>14 days</time_frame>
    <description>Number of Patients remain positive for RT-PCR of Covid-19 at day 14 after the day of initial positivity.</description>
  </secondary_outcome>
  <number_of_arms>2</number_of_arms>
  <enrollment type="Actual">400</enrollment>
  <condition>Covid19</condition>
  <arm_group>
    <arm_group_label>Ivermectin and Doxycycline</arm_group_label>
    <arm_group_type>Active Comparator</arm_group_type>
    <description>Ivermactin 6 mg 2 tab stat, cap Doxycycline 100 mg 1 cap BD 5 days</description>
  </arm_group>
  <arm_group>
    <arm_group_label>Placebo</arm_group_label>
    <arm_group_type>Placebo Comparator</arm_group_type>
    <description>Standard treatment</description>
  </arm_group>
  <intervention>
    <intervention_type>Drug</intervention_type>
    <intervention_name>Ivermectin and Doxycycline</intervention_name>
    <description>Ivermectin 6 mg, 2 tab stat and Doxycycline 100 mg twice daily for 5 days</description>
    <arm_group_label>Ivermectin and Doxycycline</arm_group_label>
    <other_name>Imac and Doxibac</other_name>
  </intervention>
  <intervention>
    <intervention_type>Drug</intervention_type>
    <intervention_name>Standard of care</intervention_name>
    <description>Paracetamol, Vitamin D, Oxygen if indicated, Low molecular weight heparin, dexamethasone if indicated</description>
    <arm_group_label>Ivermectin and Doxycycline</arm_group_label>
    <arm_group_label>Placebo</arm_group_label>
  </intervention>
  <eligibility>
    <criteria>
      <textblock>
        Inclusion Criteria:&#xD;
&#xD;
          -  COVID-19 infection, confirmed by polymerase chain reaction (PCR) test within 3 days&#xD;
             from enrollment&#xD;
&#xD;
          -  Only mild and moderate COVID-19 infected cases&#xD;
&#xD;
          -  Able to provide informed consent&#xD;
&#xD;
        Exclusion Criteria:&#xD;
&#xD;
          -  Unable to take oral medication&#xD;
&#xD;
          -  Pregnant or breast feeding lady&#xD;
&#xD;
          -  Patients with severe COVID symptoms or admission in ICU/HDU&#xD;
&#xD;
          -  Alanine Aminotransferase (ALT) or aspartate aminotransferase (AST) more than 5 upper&#xD;
             limit of normal (ULN)&#xD;
&#xD;
          -  On non-invasive positive pressure ventilation or mechanical ventilation at time of&#xD;
             study entry&#xD;
&#xD;
          -  Known hypersensitivity to Doxycycline or ivermectin or its components.&#xD;
      </textblock>
    </criteria>
    <gender>All</gender>
    <minimum_age>18 Years</minimum_age>
    <maximum_age>N/A</maximum_age>
    <healthy_volunteers>No</healthy_volunteers>
  </eligibility>
  <overall_official>
    <last_name>Mahmud Reaz, FCPS</last_name>
    <role>Principal Investigator</role>
    <affiliation>Assistant Professor</affiliation>
  </overall_official>
  <location>
    <facility>
      <name>Dhaka Medical College</name>
      <address>
        <city>Dhaka</city>
        <zip>1000</zip>
        <country>Bangladesh</country>
      </address>
    </facility>
  </location>
  <location_countries>
    <country>Bangladesh</country>
  </location_countries>
  <verification_date>October 2020</verification_date>
  <study_first_submitted>August 19, 2020</study_first_submitted>
  <study_first_submitted_qc>August 20, 2020</study_first_submitted_qc>
  <study_first_posted type="Actual">August 24, 2020</study_first_posted>
  <results_first_submitted>September 30, 2020</results_first_submitted>
  <results_first_submitted_qc>October 7, 2020</results_first_submitted_qc>
  <results_first_posted type="Actual">October 9, 2020</results_first_posted>
  <last_update_submitted>October 7, 2020</last_update_submitted>
  <last_update_submitted_qc>October 7, 2020</last_update_submitted_qc>
  <last_update_posted type="Actual">October 9, 2020</last_update_posted>
  <responsible_party>
    <responsible_party_type>Principal Investigator</responsible_party_type>
    <investigator_affiliation>Dhaka Medical College</investigator_affiliation>
    <investigator_full_name>Dr. Reaz Mahmud</investigator_full_name>
    <investigator_title>Assistant Professor</investigator_title>
  </responsible_party>
  <keyword>Covid-19, Ivermectin</keyword>
  <intervention_browse>
    <!-- CAUTION:  The following MeSH terms are assigned with an imperfect algorithm            -->
    <mesh_term>Doxycycline</mesh_term>
    <mesh_term>Ivermectin</mesh_term>
  </intervention_browse>
  <patient_data>
    <sharing_ipd>Yes</sharing_ipd>
    <ipd_description>Patients age, sex, Date of covid positive report, Symtoms,Date of covid negative report, post covid symptoms, time to recover.</ipd_description>
    <ipd_info_type>Study Protocol</ipd_info_type>
    <ipd_info_type>Statistical Analysis Plan (SAP)</ipd_info_type>
    <ipd_info_type>Clinical Study Report (CSR)</ipd_info_type>
    <ipd_time_frame>September 2020 to December 2020</ipd_time_frame>
    <ipd_access_criteria>Person who are investigating covid-19 in various aspects</ipd_access_criteria>
  </patient_data>
  <provided_document_section>
    <provided_document>
      <document_type>Study Protocol and Informed Consent Form</document_type>
      <document_has_protocol>Yes</document_has_protocol>
      <document_has_icf>Yes</document_has_icf>
      <document_has_sap>No</document_has_sap>
      <document_date>August 26, 2020</document_date>
      <document_url>https://ClinicalTrials.gov/ProvidedDocs/31/NCT04523831/Prot_ICF_000.pdf</document_url>
    </provided_document>
    <provided_document>
      <document_type>Statistical Analysis Plan</document_type>
      <document_has_protocol>No</document_has_protocol>
      <document_has_icf>No</document_has_icf>
      <document_has_sap>Yes</document_has_sap>
      <document_date>August 26, 2020</document_date>
      <document_url>https://ClinicalTrials.gov/ProvidedDocs/31/NCT04523831/SAP_001.pdf</document_url>
    </provided_document>
  </provided_document_section>

  <clinical_results>

    <participant_flow>
      <recruitment_details>The trial was designed to evaluate the effects of potential treatments in hospitalized and outdoor patients with mild to moderate COVID-19 infection, from 1 June to 30 august, 2020 in the largest COVID-19 dedicated hospital, Dhaka Medical College Hospital in Bangladesh.</recruitment_details>
      <pre_assignment_details>Of 556 patients who screened and were assessed for eligibility, 400 underwent randomization. Total 200 patients received active drug and 200 patient received placebo.</pre_assignment_details>
      <group_list>
        <group group_id="P1">
          <title>Ivermectin and Doxycycline</title>
          <description>Ivermactin 6 mg 2 tab stat, cap Doxycycline 100 mg 1 cap BD 5 days&#xD;
Ivermectin and Doxycycline: Ivermectin 6 mg stat and Doxycycline 100 mg twice daily for 5 days</description>
        </group>
        <group group_id="P2">
          <title>Placebo</title>
          <description>Standard treatment</description>
        </group>
      </group_list>
      <period_list>
        <period>
          <title>Overall Study</title>
          <milestone_list>
            <milestone>
              <title>STARTED</title>
              <participants_list>
                <participants group_id="P1" count="200"/>
                <participants group_id="P2" count="200"/>
              </participants_list>
            </milestone>
            <milestone>
              <title>COMPLETED</title>
              <participants_list>
                <participants group_id="P1" count="183"/>
                <participants group_id="P2" count="180"/>
              </participants_list>
            </milestone>
            <milestone>
              <title>NOT COMPLETED</title>
              <participants_list>
                <participants group_id="P1" count="17"/>
                <participants group_id="P2" count="20"/>
              </participants_list>
            </milestone>
          </milestone_list>
          <drop_withdraw_reason_list>
            <drop_withdraw_reason>
              <title>Lost to Follow-up</title>
              <participants_list>
                <participants group_id="P1" count="15"/>
                <participants group_id="P2" count="17"/>
              </participants_list>
            </drop_withdraw_reason>
            <drop_withdraw_reason>
              <title>Death</title>
              <participants_list>
                <participants group_id="P1" count="0"/>
                <participants group_id="P2" count="3"/>
              </participants_list>
            </drop_withdraw_reason>
            <drop_withdraw_reason>
              <title>Adverse Event</title>
              <participants_list>
                <participants group_id="P1" count="2"/>
                <participants group_id="P2" count="0"/>
              </participants_list>
            </drop_withdraw_reason>
          </drop_withdraw_reason_list>
        </period>
      </period_list>
    </participant_flow>

    <baseline>
      <population>We followed intention to treat analysis; SPSS (Statistical Package for Social Sciences) version 20 was used to analyze data. To compare mean of the two group chi square test was done.</population>
      <group_list>
        <group group_id="B1">
          <title>Ivermectin and Doxycycline</title>
          <description>Ivermactin 6 mg 2 tab stat, cap Doxycycline 100 mg 1 cap BD 5 days&#xD;
Ivermectin and Doxycycline: Ivermectin 6 mg stat and Doxycycline 100 mg twice daily for 5 days</description>
        </group>
        <group group_id="B2">
          <title>Placebo</title>
          <description>Standard treatment</description>
        </group>
        <group group_id="B3">
          <title>Total</title>
          <description>Total of all reporting groups</description>
        </group>
      </group_list>
      <analyzed_list>
        <analyzed>
          <units>Participants</units>
          <scope>Overall</scope>
          <count_list>
            <count group_id="B1" value="200"/>
            <count group_id="B2" value="200"/>
            <count group_id="B3" value="400"/>
          </count_list>
        </analyzed>
      </analyzed_list>
      <measure_list>
        <measure>
          <title>Age</title>
          <units>years</units>
          <param>Mean</param>
          <dispersion>Standard Deviation</dispersion>
          <class_list>
            <class>
              <analyzed_list>
                <analyzed>
                  <units>Participants</units>
                  <scope>Class</scope>
                  <count_list>
                    <count group_id="B1" value="200"/>
                    <count group_id="B2" value="200"/>
                    <count group_id="B3" value="400"/>
                  </count_list>
                </analyzed>
              </analyzed_list>
              <category_list>
                <category>
                  <measurement_list>
                    <measurement group_id="B1" value="40.72" spread="14.28"/>
                    <measurement group_id="B2" value="38.47" spread="11.89"/>
                    <measurement group_id="B3" value="39.59" spread="13.17"/>
                  </measurement_list>
                </category>
              </category_list>
            </class>
          </class_list>
        </measure>
        <measure>
          <title>Sex: Female, Male</title>
          <units>Participants</units>
          <param>Count of Participants</param>
          <class_list>
            <class>
              <analyzed_list>
                <analyzed>
                  <units>Participants</units>
                  <scope>Class</scope>
                  <count_list>
                    <count group_id="B1" value="200"/>
                    <count group_id="B2" value="200"/>
                    <count group_id="B3" value="400"/>
                  </count_list>
                </analyzed>
              </analyzed_list>
              <category_list>
                <category>
                  <title>Female</title>
                  <measurement_list>
                    <measurement group_id="B1" value="77"/>
                    <measurement group_id="B2" value="88"/>
                    <measurement group_id="B3" value="165"/>
                  </measurement_list>
                </category>
                <category>
                  <title>Male</title>
                  <measurement_list>
                    <measurement group_id="B1" value="123"/>
                    <measurement group_id="B2" value="112"/>
                    <measurement group_id="B3" value="235"/>
                  </measurement_list>
                </category>
              </category_list>
            </class>
          </class_list>
        </measure>
        <measure>
          <title>Race and Ethnicity Not Collected</title>
          <population>Race and Ethnicity were not collected from any participant.</population>
          <units>Participants</units>
          <param>Count of Participants</param>
          <class_list>
            <class>
              <analyzed_list>
                <analyzed>
                  <units>Participants</units>
                  <scope>Class</scope>
                  <count_list>
                    <count group_id="B1" value="0"/>
                    <count group_id="B2" value="0"/>
                    <count group_id="B3" value="0"/>
                  </count_list>
                </analyzed>
              </analyzed_list>
              <category_list>
                <category>
                  <measurement_list>
                    <measurement group_id="B3" value="0"/>
                  </measurement_list>
                </category>
              </category_list>
            </class>
          </class_list>
        </measure>
      </measure_list>
    </baseline>

    <outcome_list>
      <outcome>
        <type>Primary</type>
        <title>Number of Patients With Early Clinical Improvement</title>
        <description>Number of patients have clinical improvement as described by WHO and Bangladesh local guideline with 7 days..&#xD;
Body temperature remains normal for at least 3 days (ear temperature is lower than 37.5 °C).&#xD;
Respiratory symptoms are significantly improved.&#xD;
Lung imaging shows obvious improvement in lesions.&#xD;
There is no co-morbidities or complications which require hospitalization.&#xD;
SpO2, &gt;93% without assisted oxygen inhalation.</description>
        <time_frame>7 days</time_frame>
        <population>Intention to treat analysis. Linear logistic regression</population>
        <group_list>
          <group group_id="O1">
            <title>Ivermectin Plus Doxycycline</title>
            <description>Ivermectin plus Doxycycline plus Standard of care</description>
          </group>
          <group group_id="O2">
            <title>Placebo</title>
            <description>Placebo plus Standard of care</description>
          </group>
        </group_list>
        <measure>
          <title>Number of Patients With Early Clinical Improvement</title>
          <description>Number of patients have clinical improvement as described by WHO and Bangladesh local guideline with 7 days..&#xD;
Body temperature remains normal for at least 3 days (ear temperature is lower than 37.5 °C).&#xD;
Respiratory symptoms are significantly improved.&#xD;
Lung imaging shows obvious improvement in lesions.&#xD;
There is no co-morbidities or complications which require hospitalization.&#xD;
SpO2, &gt;93% without assisted oxygen inhalation.</description>
          <population>Intention to treat analysis. Linear logistic regression</population>
          <units>Participants</units>
          <param>Count of Participants</param>
          <analyzed_list>
            <analyzed>
              <units>Participants</units>
              <scope>Measure</scope>
              <count_list>
                <count group_id="O1" value="183"/>
                <count group_id="O2" value="180"/>
              </count_list>
            </analyzed>
          </analyzed_list>
          <class_list>
            <class>
              <category_list>
                <category>
                  <measurement_list>
                    <measurement group_id="O1" value="111"/>
                    <measurement group_id="O2" value="80"/>
                  </measurement_list>
                </category>
              </category_list>
            </class>
          </class_list>
        </measure>
        <analysis_list>
          <analysis>
            <group_id_list>
              <group_id>O1</group_id>
              <group_id>O2</group_id>
            </group_id_list>
            <non_inferiority_type>Superiority</non_inferiority_type>
            <p_value>&lt;0.03</p_value>
            <method>Regression, Linear</method>
            <param_type>Cox Proportional Hazard</param_type>
            <param_value>0.53</param_value>
            <ci_percent>95</ci_percent>
            <ci_n_sides>2-Sided</ci_n_sides>
            <ci_lower_limit>0.30</ci_lower_limit>
            <ci_upper_limit>0.96</ci_upper_limit>
          </analysis>
        </analysis_list>
      </outcome>
      <outcome>
        <type>Primary</type>
        <title>Number of Participants With Late Clinical Recovery</title>
        <description>Number of the patients required more than 12 days for clinical improvement as defined above.</description>
        <time_frame>12 days</time_frame>
        <population>Intention to treat analysis. Binary logistic regression</population>
        <group_list>
          <group group_id="O1">
            <title>Ivermectin Plus Doxycycline</title>
            <description>Ivermectin plus Doxycycline plus standard of care</description>
          </group>
          <group group_id="O2">
            <title>Placebo</title>
            <description>Placebo plus standard of care</description>
          </group>
        </group_list>
        <measure>
          <title>Number of Participants With Late Clinical Recovery</title>
          <description>Number of the patients required more than 12 days for clinical improvement as defined above.</description>
          <population>Intention to treat analysis. Binary logistic regression</population>
          <units>Participants</units>
          <param>Count of Participants</param>
          <analyzed_list>
            <analyzed>
              <units>Participants</units>
              <scope>Measure</scope>
              <count_list>
                <count group_id="O1" value="183"/>
                <count group_id="O2" value="180"/>
              </count_list>
            </analyzed>
          </analyzed_list>
          <class_list>
            <class>
              <category_list>
                <category>
                  <measurement_list>
                    <measurement group_id="O1" value="42"/>
                    <measurement group_id="O2" value="67"/>
                  </measurement_list>
                </category>
              </category_list>
            </class>
          </class_list>
        </measure>
        <analysis_list>
          <analysis>
            <group_id_list>
              <group_id>O1</group_id>
              <group_id>O2</group_id>
            </group_id_list>
            <non_inferiority_type>Superiority</non_inferiority_type>
            <p_value>&lt;0.004</p_value>
            <method>Regression, Logistic</method>
            <param_type>Cox Proportional Hazard</param_type>
            <param_value>0.51</param_value>
            <ci_percent>95</ci_percent>
            <ci_n_sides>2-Sided</ci_n_sides>
            <ci_lower_limit>0.32</ci_lower_limit>
            <ci_upper_limit>0.80</ci_upper_limit>
          </analysis>
        </analysis_list>
      </outcome>
      <outcome>
        <type>Secondary</type>
        <title>Number of Patients Having Clinical Deterioration.</title>
        <description>Number of patients deteriorating to next level of severity, like moderate, severe and death. That is from mild illness at presentation with subsequent follow up developed moderate, severe illness or death. Like wise from moderate illness at presentation developed severe illness or death.&#xD;
Mild illness: These patients usually present with symptoms of an upper respiratory tract viral infection, including mild fever, cough (dry), sore throat, nasal congestion, malaise, headache, muscle pain, or malaise. Signs and symptoms of a more serious disease, such as dyspnea, are not present Moderate illness: Respiratory symptoms such as cough and shortness of breath (or tachypnea in children) are present without signs of severe pneumonia.&#xD;
Severe illness:severe dyspnea, respiratory distress, tachypnea (&gt; 30 breaths/min), and hypoxia (SpO2 &lt; 90% on room air).</description>
        <time_frame>1 month</time_frame>
        <population>Intention to treat analysis. Binary Logistic regression</population>
        <group_list>
          <group group_id="O1">
            <title>Ivermectin Plus Doxycycline</title>
            <description>Ivermection plus Doxycycline Plus standard of Care</description>
          </group>
          <group group_id="O2">
            <title>Placebo</title>
            <description>Placebo plus standard of care</description>
          </group>
        </group_list>
        <measure>
          <title>Number of Patients Having Clinical Deterioration.</title>
          <description>Number of patients deteriorating to next level of severity, like moderate, severe and death. That is from mild illness at presentation with subsequent follow up developed moderate, severe illness or death. Like wise from moderate illness at presentation developed severe illness or death.&#xD;
Mild illness: These patients usually present with symptoms of an upper respiratory tract viral infection, including mild fever, cough (dry), sore throat, nasal congestion, malaise, headache, muscle pain, or malaise. Signs and symptoms of a more serious disease, such as dyspnea, are not present Moderate illness: Respiratory symptoms such as cough and shortness of breath (or tachypnea in children) are present without signs of severe pneumonia.&#xD;
Severe illness:severe dyspnea, respiratory distress, tachypnea (&gt; 30 breaths/min), and hypoxia (SpO2 &lt; 90% on room air).</description>
          <population>Intention to treat analysis. Binary Logistic regression</population>
          <units>Participants</units>
          <param>Count of Participants</param>
          <analyzed_list>
            <analyzed>
              <units>Participants</units>
              <scope>Measure</scope>
              <count_list>
                <count group_id="O1" value="183"/>
                <count group_id="O2" value="180"/>
              </count_list>
            </analyzed>
          </analyzed_list>
          <class_list>
            <class>
              <category_list>
                <category>
                  <measurement_list>
                    <measurement group_id="O1" value="16"/>
                    <measurement group_id="O2" value="32"/>
                  </measurement_list>
                </category>
              </category_list>
            </class>
          </class_list>
        </measure>
        <analysis_list>
          <analysis>
            <group_id_list>
              <group_id>O1</group_id>
              <group_id>O2</group_id>
            </group_id_list>
            <non_inferiority_type>Superiority</non_inferiority_type>
            <p_value>&lt;0.013</p_value>
            <method>Regression, Logistic</method>
            <param_type>Cox Proportional Hazard</param_type>
            <param_value>0.45</param_value>
            <ci_percent>95</ci_percent>
            <ci_n_sides>2-Sided</ci_n_sides>
            <ci_lower_limit>0.23</ci_lower_limit>
            <ci_upper_limit>0.85</ci_upper_limit>
          </analysis>
        </analysis_list>
      </outcome>
      <outcome>
        <type>Secondary</type>
        <title>Number of Patients Remain Persistently Positive for RT-PCR of Covid-19</title>
        <description>Number of Patients remain positive for RT-PCR of Covid-19 at day 14 after the day of initial positivity.</description>
        <time_frame>14 days</time_frame>
        <population>Intention to treat analysis. Binary logistic regression</population>
        <group_list>
          <group group_id="O1">
            <title>Ivermectin Plus Doxycycline</title>
            <description>Ivermectin plus Doxycycline plus standard of care</description>
          </group>
          <group group_id="O2">
            <title>Placebo</title>
            <description>Placebo plus standard of care</description>
          </group>
        </group_list>
        <measure>
          <title>Number of Patients Remain Persistently Positive for RT-PCR of Covid-19</title>
          <description>Number of Patients remain positive for RT-PCR of Covid-19 at day 14 after the day of initial positivity.</description>
          <population>Intention to treat analysis. Binary logistic regression</population>
          <units>Participants</units>
          <param>Count of Participants</param>
          <analyzed_list>
            <analyzed>
              <units>Participants</units>
              <scope>Measure</scope>
              <count_list>
                <count group_id="O1" value="183"/>
                <count group_id="O2" value="180"/>
              </count_list>
            </analyzed>
          </analyzed_list>
          <class_list>
            <class>
              <category_list>
                <category>
                  <measurement_list>
                    <measurement group_id="O1" value="14"/>
                    <measurement group_id="O2" value="36"/>
                  </measurement_list>
                </category>
              </category_list>
            </class>
          </class_list>
        </measure>
        <analysis_list>
          <analysis>
            <group_id_list>
              <group_id>O1</group_id>
              <group_id>O2</group_id>
            </group_id_list>
            <non_inferiority_type>Superiority</non_inferiority_type>
            <p_value>&lt;0.001</p_value>
            <method>Regression, Logistic</method>
            <param_type>Cox Proportional Hazard</param_type>
            <param_value>0.58</param_value>
            <ci_percent>95</ci_percent>
            <ci_n_sides>2-Sided</ci_n_sides>
            <ci_lower_limit>0.44</ci_lower_limit>
            <ci_upper_limit>0.81</ci_upper_limit>
          </analysis>
        </analysis_list>
      </outcome>
    </outcome_list>

    <reported_events>
      <time_frame>1 month</time_frame>
      <group_list>
        <group group_id="E1">
          <title>Ivermectin and Doxycycline</title>
          <description>Ivermectin Plus Doxycycline plus standard of care</description>
        </group>
        <group group_id="E2">
          <title>Placebo</title>
          <description>Placebo plus standard of care</description>
        </group>
      </group_list>
      <serious_events>
        <default_vocab>MedDRA (10.0)</default_vocab>
        <default_assessment>Systematic Assessment</default_assessment>
        <category_list>
          <category>
            <title>Total</title>
            <event_list>
              <event>
                <sub_title>Total, all-cause mortality</sub_title>
                <counts group_id="E1" subjects_affected="00" subjects_at_risk="183"/>
                <counts group_id="E2" subjects_affected="03" subjects_at_risk="180"/>
              </event>
              <event>
                <sub_title>Total, serious adverse events</sub_title>
                <counts group_id="E1" subjects_affected="02" subjects_at_risk="183"/>
                <counts group_id="E2" subjects_affected="00" subjects_at_risk="180"/>
              </event>
            </event_list>
          </category>
          <category>
            <title>Gastrointestinal disorders</title>
            <event_list>
              <event>
                <sub_title>Erosive esophagitis</sub_title>
                <counts group_id="E1" events="2" subjects_affected="2" subjects_at_risk="183"/>
                <counts group_id="E2" events="0" subjects_affected="0" subjects_at_risk="180"/>
              </event>
            </event_list>
          </category>
        </category_list>
      </serious_events>
      <other_events>
        <frequency_threshold>3.8</frequency_threshold>
        <default_vocab>MedDRA (10.0)</default_vocab>
        <default_assessment>Systematic Assessment</default_assessment>
        <category_list>
          <category>
            <title>Total</title>
            <event_list>
              <event>
                <sub_title>Total, other adverse events</sub_title>
                <counts group_id="E1" subjects_affected="07" subjects_at_risk="183"/>
                <counts group_id="E2" subjects_affected="00" subjects_at_risk="180"/>
              </event>
            </event_list>
          </category>
          <category>
            <title>Gastrointestinal disorders</title>
            <event_list>
              <event>
                <sub_title>Non ulcer Dyspepsia</sub_title>
                <counts group_id="E1" events="7" subjects_affected="7" subjects_at_risk="183"/>
                <counts group_id="E2" events="0" subjects_affected="0" subjects_at_risk="180"/>
              </event>
            </event_list>
          </category>
        </category_list>
      </other_events>
    </reported_events>

    <certain_agreements>
      <pi_employee>Principal Investigators are NOT employed by the organization sponsoring the study.</pi_employee>
      <restrictive_agreement>There IS an agreement between Principal Investigators and the Sponsor (or its agents) that restricts the PI's rights to discuss or publish trial results after the trial is completed. </restrictive_agreement>
    </certain_agreements>
    <limitations_and_caveats>We followed up the patients by telephonic (video) interview, which has some inherent drawback for the study. we could not assess viral clearance directly. Only single dose regimen was used. Efficacy might higher if the different regimen would use.</limitations_and_caveats>
    <point_of_contact>
      <name_or_title>Dr. Reaz Mahmud, Principal investigator</name_or_title>
      <organization>Dhaka Medical College</organization>
      <phone>01912270803 ext +88</phone>
      <email>reazdmc22@yahoo.com</email>
    </point_of_contact>
  </clinical_results>
</clinical_study>

