<?xml version="1.0" encoding="UTF-8"?>
<clinical_study rank="23">
  <!-- This xml conforms to an XML Schema at:
    https://clinicaltrials.gov/ct2/html/images/info/public.xsd -->
  <required_header>
    <download_date>ClinicalTrials.gov processed this data on April 02, 2021</download_date>
    <link_text>Link to the current ClinicalTrials.gov record.</link_text>
    <url>https://clinicaltrials.gov/show/NCT04385238</url>
  </required_header>
  <id_info>
    <org_study_id>0002</org_study_id>
    <nct_id>NCT04385238</nct_id>
  </id_info>
  <brief_title>Health and Wellbeing of Pregnant and Post-Partum Women During the COVID-19 Pandemic</brief_title>
  <official_title>Health and Wellbeing of Pregnant and Post-Partum Women During the COVID-19 Pandemic</official_title>
  <sponsors>
    <lead_sponsor>
      <agency>Pregistry</agency>
      <agency_class>Industry</agency_class>
    </lead_sponsor>
    <collaborator>
      <agency>Harvard School of Public Health</agency>
      <agency_class>Other</agency_class>
    </collaborator>
  </sponsors>
  <source>Pregistry</source>
  <oversight_info>
    <has_dmc>No</has_dmc>
    <is_fda_regulated_drug>No</is_fda_regulated_drug>
    <is_fda_regulated_device>No</is_fda_regulated_device>
  </oversight_info>
  <brief_summary>
    <textblock>
      The purpose of this study is to assess the health and wellbeing of pregnant and recently&#xD;
      pregnant women during the COVID-19 pandemic using an online survey.&#xD;
    </textblock>
  </brief_summary>
  <detailed_description>
    <textblock>
      Millions of women will give birth during the pandemic of Coronavirus Disease 2019 (COVID-19)&#xD;
      caused by the severe acute respiratory syndrome coronavirus 2 (SARS-CoV-2). The consequences&#xD;
      of COVID-19 for pregnant women and their offspring are unknown. This lack of information&#xD;
      leads to anxiety among pregnant women, women who are considering getting pregnant, and their&#xD;
      families. It is therefore important to assess the wellbeing and mental health of women during&#xD;
      the COVID-19 pandemic.&#xD;
&#xD;
      The international nature of the online survey will allow the evaluation of how living during&#xD;
      the COVID-19 pandemic affects pregnant and recently pregnant women at a global level,&#xD;
      including the evaluation of potential cultural and geographic differences.&#xD;
    </textblock>
  </detailed_description>
  <overall_status>Completed</overall_status>
  <start_date type="Actual">May 15, 2020</start_date>
  <completion_date type="Actual">June 20, 2020</completion_date>
  <primary_completion_date type="Actual">June 20, 2020</primary_completion_date>
  <study_type>Observational</study_type>
  <has_expanded_access>No</has_expanded_access>
  <study_design_info>
    <observational_model>Case-Only</observational_model>
    <time_perspective>Cross-Sectional</time_perspective>
  </study_design_info>
  <primary_outcome>
    <measure>Number of Participants With Symptoms of Post-traumatic Stress Disorder</measure>
    <time_frame>Anytime during pregnancy or within 6 months after given birth.</time_frame>
    <description>Post-traumatic Stress Disorder (PTSD) Symptoms will be assessed by the Impact of Events Scale-6. This scale includes a total of six items: two items from each of the three subscales of the measure, namely intrusion, hyperarousal and avoidance. Participants will be asked to report their PTSD symptoms in the past 7 days on a Likert Scale ranging from 0 (not at all) to 4 (extremely).</description>
  </primary_outcome>
  <primary_outcome>
    <measure>Number of Participants With Symptoms of Anxiety and Depression</measure>
    <time_frame>Anytime during pregnancy or within 6 months after given birth.</time_frame>
    <description>Symptoms of anxiety and depression will be measured by the Patient Health Questionnaire-4 (PHQ-4) which combines two ultrabrief screeners: the PHQ-2 and the Generalised Anxiety Disorder Scale. Participants will be asked to report their symptoms of depression and anxiety in the past 2 weeks on a Likert Scale from 0 (not at all) to 3 (nearly every day) for a maximum score of 12.</description>
  </primary_outcome>
  <number_of_groups>2</number_of_groups>
  <enrollment type="Actual">6894</enrollment>
  <condition>COVID-19</condition>
  <condition>Pregnancy Complications</condition>
  <condition>Mental Health Wellness 1</condition>
  <condition>Anxiety</condition>
  <condition>Depression</condition>
  <condition>Ptsd</condition>
  <condition>Coronavirus</condition>
  <arm_group>
    <arm_group_label>Pregnant Women</arm_group_label>
    <description>Pregnant women who are 18 years of age or older.</description>
  </arm_group>
  <arm_group>
    <arm_group_label>Post-partum women</arm_group_label>
    <description>Women who gave birth within the last 6 months who are 18 years of age or older.</description>
  </arm_group>
  <intervention>
    <intervention_type>Other</intervention_type>
    <intervention_name>This is an online survey with no intervention.</intervention_name>
    <description>As this is an online survey about health and wellbeing, there is no intervention.</description>
    <arm_group_label>Post-partum women</arm_group_label>
    <arm_group_label>Pregnant Women</arm_group_label>
  </intervention>
  <eligibility>
    <study_pop>
      <textblock>
        Pregnant women or women who have been pregnant in the last 6 months.&#xD;
      </textblock>
    </study_pop>
    <sampling_method>Non-Probability Sample</sampling_method>
    <criteria>
      <textblock>
        Inclusion Criteria:&#xD;
&#xD;
          -  Pregnant women or women who have been pregnant within the last 6 months&#xD;
&#xD;
          -  Able to give electronic informed consent&#xD;
&#xD;
        Exclusion Criteria:&#xD;
&#xD;
          -  &lt;18 years of age&#xD;
      </textblock>
    </criteria>
    <gender>Female</gender>
    <gender_based>Yes</gender_based>
    <gender_description>Persons assigned gender female at birth.</gender_description>
    <minimum_age>18 Years</minimum_age>
    <maximum_age>N/A</maximum_age>
    <healthy_volunteers>No</healthy_volunteers>
  </eligibility>
  <overall_official>
    <last_name>Karestan Koenen, PhD</last_name>
    <role>Principal Investigator</role>
    <affiliation>Department of Epidemiology, Harvard T.H. Chan School of Public Health</affiliation>
  </overall_official>
  <overall_official>
    <last_name>Sonia Hernandez-Diaz, MD, DrPh</last_name>
    <role>Study Director</role>
    <affiliation>Department of Epidemiology, Harvard T.H. Chan School of Public Health</affiliation>
  </overall_official>
  <overall_official>
    <last_name>Diego Wyszynski, MD, MHS, PhD</last_name>
    <role>Study Director</role>
    <affiliation>Pregistry</affiliation>
  </overall_official>
  <location>
    <facility>
      <name>Pregistry</name>
      <address>
        <city>Los Angeles</city>
        <state>California</state>
        <zip>90045</zip>
        <country>United States</country>
      </address>
    </facility>
  </location>
  <location_countries>
    <country>United States</country>
  </location_countries>
  <link>
    <url>https://survey.pregistry.com/</url>
    <description>Survey Health and Wellbeing of Pregnant and Post-Partum Women During the COVID-19 Pandemic</description>
  </link>
  <link>
    <url>https://corona.pregistry.com</url>
    <description>International Registry of Coronavirus Exposure in Pregnancy (IRCEP)</description>
  </link>
  <verification_date>January 2021</verification_date>
  <study_first_submitted>May 10, 2020</study_first_submitted>
  <study_first_submitted_qc>May 11, 2020</study_first_submitted_qc>
  <study_first_posted type="Actual">May 12, 2020</study_first_posted>
  <results_first_submitted>November 1, 2020</results_first_submitted>
  <results_first_submitted_qc>January 5, 2021</results_first_submitted_qc>
  <results_first_posted type="Actual">January 7, 2021</results_first_posted>
  <last_update_submitted>January 5, 2021</last_update_submitted>
  <last_update_submitted_qc>January 5, 2021</last_update_submitted_qc>
  <last_update_posted type="Actual">January 7, 2021</last_update_posted>
  <responsible_party>
    <responsible_party_type>Sponsor</responsible_party_type>
  </responsible_party>
  <condition_browse>
    <!-- CAUTION:  The following MeSH terms are assigned with an imperfect algorithm            -->
    <mesh_term>Pregnancy Complications</mesh_term>
  </condition_browse>
  <patient_data>
    <sharing_ipd>No</sharing_ipd>
  </patient_data>
  <provided_document_section>
    <provided_document>
      <document_type>Study Protocol</document_type>
      <document_has_protocol>Yes</document_has_protocol>
      <document_has_icf>No</document_has_icf>
      <document_has_sap>No</document_has_sap>
      <document_date>May 4, 2020</document_date>
      <document_url>https://ClinicalTrials.gov/ProvidedDocs/38/NCT04385238/Prot_000.pdf</document_url>
    </provided_document>
    <provided_document>
      <document_type>Statistical Analysis Plan</document_type>
      <document_has_protocol>No</document_has_protocol>
      <document_has_icf>No</document_has_icf>
      <document_has_sap>Yes</document_has_sap>
      <document_date>May 4, 2020</document_date>
      <document_url>https://ClinicalTrials.gov/ProvidedDocs/38/NCT04385238/SAP_001.pdf</document_url>
    </provided_document>
  </provided_document_section>

  <clinical_results>

    <participant_flow>
      <group_list>
        <group group_id="P1">
          <title>Pregnant Women</title>
          <description>Pregnant women who are 18 years of age or older.&#xD;
This is an online survey with no intervention.: As this is an online survey about health and wellbeing, there is no intervention.</description>
        </group>
        <group group_id="P2">
          <title>Post-partum Women</title>
          <description>Women who gave birth within the last 6 months who are 18 years of age or older.&#xD;
This is an online survey with no intervention.: As this is an online survey about health and wellbeing, there is no intervention.</description>
        </group>
      </group_list>
      <period_list>
        <period>
          <title>Overall Study</title>
          <milestone_list>
            <milestone>
              <title>STARTED</title>
              <participants_list>
                <participants group_id="P1" count="5712"/>
                <participants group_id="P2" count="1182"/>
              </participants_list>
            </milestone>
            <milestone>
              <title>COMPLETED</title>
              <participants_list>
                <participants group_id="P1" count="5712"/>
                <participants group_id="P2" count="1182"/>
              </participants_list>
            </milestone>
            <milestone>
              <title>NOT COMPLETED</title>
              <participants_list>
                <participants group_id="P1" count="0"/>
                <participants group_id="P2" count="0"/>
              </participants_list>
            </milestone>
          </milestone_list>
        </period>
      </period_list>
    </participant_flow>

    <baseline>
      <group_list>
        <group group_id="B1">
          <title>Pregnant Women</title>
          <description>Pregnant women who are 18 years of age or older.&#xD;
This is an online survey with no intervention.: As this is an online survey about health and wellbeing, there is no intervention.</description>
        </group>
        <group group_id="B2">
          <title>Post-partum Women</title>
          <description>Women who gave birth within the last 6 months who are 18 years of age or older.&#xD;
This is an online survey with no intervention.: As this is an online survey about health and wellbeing, there is no intervention.</description>
        </group>
        <group group_id="B3">
          <title>Total</title>
          <description>Total of all reporting groups</description>
        </group>
      </group_list>
      <analyzed_list>
        <analyzed>
          <units>Participants</units>
          <scope>Overall</scope>
          <count_list>
            <count group_id="B1" value="5712"/>
            <count group_id="B2" value="1182"/>
            <count group_id="B3" value="6894"/>
          </count_list>
        </analyzed>
      </analyzed_list>
      <measure_list>
        <measure>
          <title>Age</title>
          <units>years</units>
          <param>Mean</param>
          <dispersion>Standard Deviation</dispersion>
          <class_list>
            <class>
              <category_list>
                <category>
                  <measurement_list>
                    <measurement group_id="B1" value="31.2" spread="4.1"/>
                    <measurement group_id="B2" value="31.7" spread="4.9"/>
                    <measurement group_id="B3" value="31.3" spread="4.8"/>
                  </measurement_list>
                </category>
              </category_list>
            </class>
          </class_list>
        </measure>
        <measure>
          <title>Sex: Female, Male</title>
          <units>Participants</units>
          <param>Count of Participants</param>
          <class_list>
            <class>
              <category_list>
                <category>
                  <title>Female</title>
                  <measurement_list>
                    <measurement group_id="B1" value="5712"/>
                    <measurement group_id="B2" value="1182"/>
                    <measurement group_id="B3" value="6894"/>
                  </measurement_list>
                </category>
                <category>
                  <title>Male</title>
                  <measurement_list>
                    <measurement group_id="B1" value="0"/>
                    <measurement group_id="B2" value="0"/>
                    <measurement group_id="B3" value="0"/>
                  </measurement_list>
                </category>
              </category_list>
            </class>
          </class_list>
        </measure>
        <measure>
          <title>Ethnicity (NIH/OMB)</title>
          <units>Participants</units>
          <param>Count of Participants</param>
          <class_list>
            <class>
              <category_list>
                <category>
                  <title>Hispanic or Latino</title>
                  <measurement_list>
                    <measurement group_id="B1" value="1288"/>
                    <measurement group_id="B2" value="131"/>
                    <measurement group_id="B3" value="1419"/>
                  </measurement_list>
                </category>
                <category>
                  <title>Not Hispanic or Latino</title>
                  <measurement_list>
                    <measurement group_id="B1" value="4424"/>
                    <measurement group_id="B2" value="1051"/>
                    <measurement group_id="B3" value="5475"/>
                  </measurement_list>
                </category>
                <category>
                  <title>Unknown or Not Reported</title>
                  <measurement_list>
                    <measurement group_id="B1" value="0"/>
                    <measurement group_id="B2" value="0"/>
                    <measurement group_id="B3" value="0"/>
                  </measurement_list>
                </category>
              </category_list>
            </class>
          </class_list>
        </measure>
      </measure_list>
    </baseline>

    <outcome_list>
      <outcome>
        <type>Primary</type>
        <title>Number of Participants With Symptoms of Post-traumatic Stress Disorder</title>
        <description>Post-traumatic Stress Disorder (PTSD) Symptoms will be assessed by the Impact of Events Scale-6. This scale includes a total of six items: two items from each of the three subscales of the measure, namely intrusion, hyperarousal and avoidance. Participants will be asked to report their PTSD symptoms in the past 7 days on a Likert Scale ranging from 0 (not at all) to 4 (extremely).</description>
        <time_frame>Anytime during pregnancy or within 6 months after given birth.</time_frame>
        <group_list>
          <group group_id="O1">
            <title>Pregnant Women</title>
            <description>Pregnant women who are 18 years of age or older.&#xD;
This is an online survey with no intervention.: As this is an online survey about health and wellbeing, there is no intervention.</description>
          </group>
          <group group_id="O2">
            <title>Post-partum Women</title>
            <description>Women who gave birth within the last 6 months who are 18 years of age or older.&#xD;
This is an online survey with no intervention.: As this is an online survey about health and wellbeing, there is no intervention.</description>
          </group>
        </group_list>
        <measure>
          <title>Number of Participants With Symptoms of Post-traumatic Stress Disorder</title>
          <description>Post-traumatic Stress Disorder (PTSD) Symptoms will be assessed by the Impact of Events Scale-6. This scale includes a total of six items: two items from each of the three subscales of the measure, namely intrusion, hyperarousal and avoidance. Participants will be asked to report their PTSD symptoms in the past 7 days on a Likert Scale ranging from 0 (not at all) to 4 (extremely).</description>
          <units>Participants</units>
          <param>Count of Participants</param>
          <analyzed_list>
            <analyzed>
              <units>Participants</units>
              <scope>Measure</scope>
              <count_list>
                <count group_id="O1" value="5712"/>
                <count group_id="O2" value="1182"/>
              </count_list>
            </analyzed>
          </analyzed_list>
          <class_list>
            <class>
              <category_list>
                <category>
                  <measurement_list>
                    <measurement group_id="O1" value="1028"/>
                    <measurement group_id="O2" value="532"/>
                  </measurement_list>
                </category>
              </category_list>
            </class>
          </class_list>
        </measure>
      </outcome>
      <outcome>
        <type>Primary</type>
        <title>Number of Participants With Symptoms of Anxiety and Depression</title>
        <description>Symptoms of anxiety and depression will be measured by the Patient Health Questionnaire-4 (PHQ-4) which combines two ultrabrief screeners: the PHQ-2 and the Generalised Anxiety Disorder Scale. Participants will be asked to report their symptoms of depression and anxiety in the past 2 weeks on a Likert Scale from 0 (not at all) to 3 (nearly every day) for a maximum score of 12.</description>
        <time_frame>Anytime during pregnancy or within 6 months after given birth.</time_frame>
        <group_list>
          <group group_id="O1">
            <title>Pregnant Women</title>
            <description>Pregnant women who are 18 years of age or older.&#xD;
This is an online survey with no intervention.: As this is an online survey about health and wellbeing, there is no intervention.</description>
          </group>
          <group group_id="O2">
            <title>Post-partum Women</title>
            <description>Women who gave birth within the last 6 months who are 18 years of age or older.&#xD;
This is an online survey with no intervention.: As this is an online survey about health and wellbeing, there is no intervention.</description>
          </group>
        </group_list>
        <measure>
          <title>Number of Participants With Symptoms of Anxiety and Depression</title>
          <description>Symptoms of anxiety and depression will be measured by the Patient Health Questionnaire-4 (PHQ-4) which combines two ultrabrief screeners: the PHQ-2 and the Generalised Anxiety Disorder Scale. Participants will be asked to report their symptoms of depression and anxiety in the past 2 weeks on a Likert Scale from 0 (not at all) to 3 (nearly every day) for a maximum score of 12.</description>
          <units>Participants</units>
          <param>Count of Participants</param>
          <analyzed_list>
            <analyzed>
              <units>Participants</units>
              <scope>Measure</scope>
              <count_list>
                <count group_id="O1" value="5712"/>
                <count group_id="O2" value="1182"/>
              </count_list>
            </analyzed>
          </analyzed_list>
          <class_list>
            <class>
              <category_list>
                <category>
                  <measurement_list>
                    <measurement group_id="O1" value="1200"/>
                    <measurement group_id="O2" value="438"/>
                  </measurement_list>
                </category>
              </category_list>
            </class>
          </class_list>
        </measure>
      </outcome>
    </outcome_list>

    <reported_events>
      <time_frame>This is a cross-sectional observational survey and, therefore, adverse event data were not collected.</time_frame>
      <desc>This is a cross-sectional observational survey and, therefore, adverse event data were not collected.</desc>
      <group_list>
        <group group_id="E1">
          <title>Pregnant Women</title>
          <description>Pregnant women who are 18 years of age or older.&#xD;
This is an online survey with no intervention: As this is an online survey about health and wellbeing, there is no intervention and no assessment of adverse events.</description>
        </group>
        <group group_id="E2">
          <title>Post-partum Women</title>
          <description>Women who gave birth within the last 6 months who are 18 years of age or older.&#xD;
This is an online survey with no intervention: As this is an online survey about health and wellbeing, there is no intervention and no assessment of adverse events.</description>
        </group>
      </group_list>
      <serious_events>
        <category_list>
          <category>
            <title>Total</title>
            <event_list>
              <event>
                <sub_title>Total, all-cause mortality</sub_title>
                <counts group_id="E1" subjects_affected="0" subjects_at_risk="0"/>
                <counts group_id="E2" subjects_affected="0" subjects_at_risk="0"/>
              </event>
              <event>
                <sub_title>Total, serious adverse events</sub_title>
                <counts group_id="E1" subjects_affected="0" subjects_at_risk="0"/>
                <counts group_id="E2" subjects_affected="0" subjects_at_risk="0"/>
              </event>
            </event_list>
          </category>
        </category_list>
      </serious_events>
      <other_events>
        <frequency_threshold>0</frequency_threshold>
        <category_list>
          <category>
            <title>Total</title>
            <event_list>
              <event>
                <sub_title>Total, other adverse events</sub_title>
                <counts group_id="E1" subjects_affected="0" subjects_at_risk="0"/>
                <counts group_id="E2" subjects_affected="0" subjects_at_risk="0"/>
              </event>
            </event_list>
          </category>
        </category_list>
      </other_events>
    </reported_events>

    <certain_agreements>
      <pi_employee>Principal Investigators are NOT employed by the organization sponsoring the study.</pi_employee>
      <restrictive_agreement>The only disclosure restriction on the PI is that the sponsor can review results communications prior to public release and can embargo communications regarding trial results for a period that is more than 60 days but less than or equal to 180 days. The sponsor cannot require changes to the communication and cannot extend the embargo.</restrictive_agreement>
    </certain_agreements>
    <point_of_contact>
      <name_or_title>Sonia Hernandez-Diaz</name_or_title>
      <organization>Harvard T.H. Chan School of Public Health</organization>
      <phone>6174323942</phone>
      <email>shernan@hsph.harvard.edu</email>
    </point_of_contact>
  </clinical_results>
</clinical_study>

