<?xml version="1.0" encoding="UTF-8"?>
<clinical_study rank="13">
  <!-- This xml conforms to an XML Schema at:
    https://clinicaltrials.gov/ct2/html/images/info/public.xsd -->
  <required_header>
    <download_date>ClinicalTrials.gov processed this data on April 02, 2021</download_date>
    <link_text>Link to the current ClinicalTrials.gov record.</link_text>
    <url>https://clinicaltrials.gov/show/NCT04343092</url>
  </required_header>
  <id_info>
    <org_study_id>PRO20040001</org_study_id>
    <nct_id>NCT04343092</nct_id>
  </id_info>
  <brief_title>Effectiveness of Ivermectin as add-on Therapy in COVID-19 Management</brief_title>
  <official_title>Effectiveness of Ivermectin as add-on Therapy in COVID-19 Management (An Externally Controlled Pilot Trial)</official_title>
  <sponsors>
    <lead_sponsor>
      <agency>University of Baghdad</agency>
      <agency_class>Other</agency_class>
    </lead_sponsor>
  </sponsors>
  <source>University of Baghdad</source>
  <oversight_info>
    <has_dmc>Yes</has_dmc>
    <is_fda_regulated_drug>No</is_fda_regulated_drug>
    <is_fda_regulated_device>No</is_fda_regulated_device>
  </oversight_info>
  <brief_summary>
    <textblock>
      Comparing the effectiveness of Ivermectin( IVM) +Hydroxychloroquin + azithromycin (AZT) group&#xD;
      to Hydroxychloroquin (HCQ) + azithromycin (AZT)&#xD;
    </textblock>
  </brief_summary>
  <detailed_description>
    <textblock>
      Comparing effectiveness of single dose 0.2mg/kg Ivermectin (IVM) plus hydroxychloroquine&#xD;
      (HCQ) 400mg BID in first day then 200mg BID for 5 days plus azithromycin (AZT) 500mg in first&#xD;
      day then 250mg for 5 days.&#xD;
&#xD;
      The comparison group was a historical control population and data collected from the current&#xD;
      study were compared to that historical control population&#xD;
    </textblock>
  </detailed_description>
  <overall_status>Completed</overall_status>
  <start_date type="Actual">April 18, 2020</start_date>
  <completion_date type="Actual">June 1, 2020</completion_date>
  <primary_completion_date type="Actual">May 31, 2020</primary_completion_date>
  <phase>Phase 1</phase>
  <study_type>Interventional</study_type>
  <has_expanded_access>No</has_expanded_access>
  <study_design_info>
    <allocation>N/A</allocation>
    <intervention_model>Single Group Assignment</intervention_model>
    <primary_purpose>Treatment</primary_purpose>
    <masking>None (Open Label)</masking>
  </study_design_info>
  <primary_outcome>
    <measure>Number of Cured Patients</measure>
    <time_frame>4 weeks</time_frame>
    <description>Primary outcome is assessed by calculating the number of patients who had symptoms free and two successive readings of negative PCR swab.</description>
  </primary_outcome>
  <secondary_outcome>
    <measure>Time to Cure of COVID-19 Patients in the IVM +HCQ+AZT Group</measure>
    <time_frame>4 week</time_frame>
    <description>Time to cure is evaluated by measuring time from admission of the patient to the hospital till discharge after being free of symptoms and negative PCR swab. Once nasopharyngeal and oropharyngeal swab viral PCR testing yielded negative results 2 times consecutively, no further testing was performed</description>
  </secondary_outcome>
  <number_of_arms>1</number_of_arms>
  <enrollment type="Actual">16</enrollment>
  <condition>COVID 19</condition>
  <arm_group>
    <arm_group_label>Ivermectin (IVM)+ Hydroxychloroquin (HCQ)+ Azithromycin (AZT)</arm_group_label>
    <arm_group_type>Experimental</arm_group_type>
    <description>Ivermectin 12 mg /weekly )+ Hydroxychloroquine 400mg/daily + azithromycin 500mg daily</description>
  </arm_group>
  <intervention>
    <intervention_type>Drug</intervention_type>
    <intervention_name>Ivermectin (IVM)</intervention_name>
    <description>Ivermectin 0.2 mg /kg (single dose at once =2 tablets of 6mg/weekly</description>
    <arm_group_label>Ivermectin (IVM)+ Hydroxychloroquin (HCQ)+ Azithromycin (AZT)</arm_group_label>
    <other_name>Ivermectin</other_name>
  </intervention>
  <eligibility>
    <criteria>
      <textblock>
        Inclusion Criteria:&#xD;
&#xD;
        -1. Patients with age above 18 years and any gender with definite Dx of covid19 and&#xD;
        pneumonia in the ward according to the clinical, laboratory, and imaging criteria.&#xD;
&#xD;
        2. Understands and agrees to comply with planned study procedures.&#xD;
&#xD;
        Exclusion Criteria:&#xD;
&#xD;
          1. Patients with hypersensitivity or severe adverse effects to Ivermectin&#xD;
&#xD;
          2. Renal impairment&#xD;
&#xD;
          3. Hepatic impairment.&#xD;
&#xD;
          4. Pregnancy or a desire to become pregnant (drug considered pregnancy category c)&#xD;
&#xD;
          5. Breast feeding.&#xD;
&#xD;
          6. Patient with covid 19 positive and mild no pneumonia&#xD;
&#xD;
          7. Children under the age of five or those who weigh less than 15 kilograms&#xD;
      </textblock>
    </criteria>
    <gender>All</gender>
    <minimum_age>18 Years</minimum_age>
    <maximum_age>N/A</maximum_age>
    <healthy_volunteers>No</healthy_volunteers>
  </eligibility>
  <overall_official>
    <last_name>Faiq I Gorial, Professor</last_name>
    <role>Principal Investigator</role>
    <affiliation>University of Baghdad</affiliation>
  </overall_official>
  <overall_official>
    <last_name>Jawad I. Rasheed</last_name>
    <role>Study Chair</role>
    <affiliation>Arab Board for Health Specialiazation in Iraq</affiliation>
  </overall_official>
  <location>
    <facility>
      <name>General Directorate of Medical City</name>
      <address>
        <city>Bagdad</city>
        <state>Baghdad</state>
        <zip>964</zip>
        <country>Iraq</country>
      </address>
    </facility>
  </location>
  <location_countries>
    <country>Iraq</country>
  </location_countries>
  <verification_date>November 2020</verification_date>
  <study_first_submitted>April 5, 2020</study_first_submitted>
  <study_first_submitted_qc>April 8, 2020</study_first_submitted_qc>
  <study_first_posted type="Actual">April 13, 2020</study_first_posted>
  <results_first_submitted>June 11, 2020</results_first_submitted>
  <results_first_submitted_qc>November 2, 2020</results_first_submitted_qc>
  <results_first_posted type="Actual">November 4, 2020</results_first_posted>
  <last_update_submitted>November 2, 2020</last_update_submitted>
  <last_update_submitted_qc>November 2, 2020</last_update_submitted_qc>
  <last_update_posted type="Actual">November 4, 2020</last_update_posted>
  <responsible_party>
    <responsible_party_type>Principal Investigator</responsible_party_type>
    <investigator_affiliation>University of Baghdad</investigator_affiliation>
    <investigator_full_name>Faiq Gorial</investigator_full_name>
    <investigator_title>Professor and consultant rheumatologist</investigator_title>
  </responsible_party>
  <intervention_browse>
    <!-- CAUTION:  The following MeSH terms are assigned with an imperfect algorithm            -->
    <mesh_term>Ivermectin</mesh_term>
  </intervention_browse>
  <patient_data>
    <sharing_ipd>No</sharing_ipd>
  </patient_data>
  <provided_document_section>
    <provided_document>
      <document_type>Study Protocol and Statistical Analysis Plan</document_type>
      <document_has_protocol>Yes</document_has_protocol>
      <document_has_icf>No</document_has_icf>
      <document_has_sap>Yes</document_has_sap>
      <document_date>July 15, 2020</document_date>
      <document_url>https://ClinicalTrials.gov/ProvidedDocs/92/NCT04343092/Prot_SAP_000.pdf</document_url>
    </provided_document>
  </provided_document_section>

  <clinical_results>

    <participant_flow>
      <group_list>
        <group group_id="P1">
          <title>Ivermectin (IVM)+ Hydroxychloroquin (HCQ)+ Azithromycin (AZT)</title>
          <description>Ivermectin 12 mg /weekly )+ Hydroxychloroquine 400mg/daily + azithromycin 500mg daily&#xD;
Ivermectin (IVM): Ivermectin 0.2 mg /kg (single dose at once =2 tablets of 6mg/weekly</description>
        </group>
      </group_list>
      <period_list>
        <period>
          <title>Overall Study</title>
          <milestone_list>
            <milestone>
              <title>STARTED</title>
              <participants_list>
                <participants group_id="P1" count="16"/>
              </participants_list>
            </milestone>
            <milestone>
              <title>COMPLETED</title>
              <participants_list>
                <participants group_id="P1" count="16"/>
              </participants_list>
            </milestone>
            <milestone>
              <title>NOT COMPLETED</title>
              <participants_list>
                <participants group_id="P1" count="0"/>
              </participants_list>
            </milestone>
          </milestone_list>
        </period>
      </period_list>
    </participant_flow>

    <baseline>
      <group_list>
        <group group_id="B1">
          <title>Ivermectin (IVM)+ Hydroxychloroquin (HCQ)+ Azithromycin (AZT)</title>
          <description>IVM 0.2mg /kg single dose at admisison day HCQ 400mg BID in the first day then 200mg BID for 5 days AZT 500mg in the first day then 250mg for 5 days</description>
        </group>
      </group_list>
      <analyzed_list>
        <analyzed>
          <units>Participants</units>
          <scope>Overall</scope>
          <count_list>
            <count group_id="B1" value="16"/>
          </count_list>
        </analyzed>
      </analyzed_list>
      <measure_list>
        <measure>
          <title>Age</title>
          <units>years</units>
          <param>Mean</param>
          <dispersion>Standard Deviation</dispersion>
          <class_list>
            <class>
              <analyzed_list>
                <analyzed>
                  <units>Participants</units>
                  <scope>Class</scope>
                  <count_list>
                    <count group_id="B1" value="16"/>
                  </count_list>
                </analyzed>
              </analyzed_list>
              <category_list>
                <category>
                  <measurement_list>
                    <measurement group_id="B1" value="44.87" spread="10.64"/>
                  </measurement_list>
                </category>
              </category_list>
            </class>
          </class_list>
        </measure>
        <measure>
          <title>Sex: Female, Male</title>
          <units>Participants</units>
          <param>Count of Participants</param>
          <class_list>
            <class>
              <analyzed_list>
                <analyzed>
                  <units>Participants</units>
                  <scope>Class</scope>
                  <count_list>
                    <count group_id="B1" value="16"/>
                  </count_list>
                </analyzed>
              </analyzed_list>
              <category_list>
                <category>
                  <title>Female</title>
                  <measurement_list>
                    <measurement group_id="B1" value="5"/>
                  </measurement_list>
                </category>
                <category>
                  <title>Male</title>
                  <measurement_list>
                    <measurement group_id="B1" value="11"/>
                  </measurement_list>
                </category>
              </category_list>
            </class>
          </class_list>
        </measure>
        <measure>
          <title>Race and Ethnicity Not Collected</title>
          <population>Race and Ethnicity were not collected from any participant.</population>
          <units>Participants</units>
          <param>Count of Participants</param>
          <class_list>
            <class>
              <analyzed_list>
                <analyzed>
                  <units>Participants</units>
                  <scope>Class</scope>
                  <count_list>
                    <count group_id="B1" value="0"/>
                  </count_list>
                </analyzed>
              </analyzed_list>
            </class>
          </class_list>
        </measure>
        <measure>
          <title>Region of Enrollment</title>
          <units>participants</units>
          <param>Number</param>
          <class_list>
            <class>
              <title>Iraq</title>
              <analyzed_list>
                <analyzed>
                  <units>Participants</units>
                  <scope>Class</scope>
                  <count_list>
                    <count group_id="B1" value="16"/>
                  </count_list>
                </analyzed>
              </analyzed_list>
              <category_list>
                <category>
                  <measurement_list>
                    <measurement group_id="B1" value="16"/>
                  </measurement_list>
                </category>
              </category_list>
            </class>
          </class_list>
        </measure>
        <measure>
          <title>Severity of CoVID-19 Symptoms</title>
          <description>Severity of COVID-19 were measured according to WHO criteria for grading COVID-19</description>
          <units>Participants</units>
          <param>Count of Participants</param>
          <class_list>
            <class>
              <title>Mild</title>
              <analyzed_list>
                <analyzed>
                  <units>Participants</units>
                  <scope>Class</scope>
                  <count_list>
                    <count group_id="B1" value="16"/>
                  </count_list>
                </analyzed>
              </analyzed_list>
              <category_list>
                <category>
                  <measurement_list>
                    <measurement group_id="B1" value="9"/>
                  </measurement_list>
                </category>
              </category_list>
            </class>
            <class>
              <title>moderate</title>
              <analyzed_list>
                <analyzed>
                  <units>Participants</units>
                  <scope>Class</scope>
                  <count_list>
                    <count group_id="B1" value="16"/>
                  </count_list>
                </analyzed>
              </analyzed_list>
              <category_list>
                <category>
                  <measurement_list>
                    <measurement group_id="B1" value="7"/>
                  </measurement_list>
                </category>
              </category_list>
            </class>
          </class_list>
        </measure>
        <measure>
          <title>Clinical features</title>
          <units>Participants</units>
          <param>Count of Participants</param>
          <class_list>
            <class>
              <title>Cough</title>
              <analyzed_list>
                <analyzed>
                  <units>Participants</units>
                  <scope>Class</scope>
                  <count_list>
                    <count group_id="B1" value="16"/>
                  </count_list>
                </analyzed>
              </analyzed_list>
              <category_list>
                <category>
                  <measurement_list>
                    <measurement group_id="B1" value="13"/>
                  </measurement_list>
                </category>
              </category_list>
            </class>
            <class>
              <title>Fever</title>
              <analyzed_list>
                <analyzed>
                  <units>Participants</units>
                  <scope>Class</scope>
                  <count_list>
                    <count group_id="B1" value="16"/>
                  </count_list>
                </analyzed>
              </analyzed_list>
              <category_list>
                <category>
                  <measurement_list>
                    <measurement group_id="B1" value="11"/>
                  </measurement_list>
                </category>
              </category_list>
            </class>
            <class>
              <title>Shortness of breath</title>
              <analyzed_list>
                <analyzed>
                  <units>Participants</units>
                  <scope>Class</scope>
                  <count_list>
                    <count group_id="B1" value="16"/>
                  </count_list>
                </analyzed>
              </analyzed_list>
              <category_list>
                <category>
                  <measurement_list>
                    <measurement group_id="B1" value="9"/>
                  </measurement_list>
                </category>
              </category_list>
            </class>
            <class>
              <title>Myalgia</title>
              <analyzed_list>
                <analyzed>
                  <units>Participants</units>
                  <scope>Class</scope>
                  <count_list>
                    <count group_id="B1" value="16"/>
                  </count_list>
                </analyzed>
              </analyzed_list>
              <category_list>
                <category>
                  <measurement_list>
                    <measurement group_id="B1" value="8"/>
                  </measurement_list>
                </category>
              </category_list>
            </class>
            <class>
              <title>Sore throat</title>
              <analyzed_list>
                <analyzed>
                  <units>Participants</units>
                  <scope>Class</scope>
                  <count_list>
                    <count group_id="B1" value="16"/>
                  </count_list>
                </analyzed>
              </analyzed_list>
              <category_list>
                <category>
                  <measurement_list>
                    <measurement group_id="B1" value="4"/>
                  </measurement_list>
                </category>
              </category_list>
            </class>
          </class_list>
        </measure>
        <measure>
          <title>Comorbidity ( underlying diseases)</title>
          <units>participants</units>
          <param>Number</param>
          <class_list>
            <class>
              <title>Diabetes melitus</title>
              <analyzed_list>
                <analyzed>
                  <units>Participants</units>
                  <scope>Class</scope>
                  <count_list>
                    <count group_id="B1" value="16"/>
                  </count_list>
                </analyzed>
              </analyzed_list>
              <category_list>
                <category>
                  <measurement_list>
                    <measurement group_id="B1" value="3"/>
                  </measurement_list>
                </category>
              </category_list>
            </class>
            <class>
              <title>Hypertension</title>
              <analyzed_list>
                <analyzed>
                  <units>Participants</units>
                  <scope>Class</scope>
                  <count_list>
                    <count group_id="B1" value="16"/>
                  </count_list>
                </analyzed>
              </analyzed_list>
              <category_list>
                <category>
                  <measurement_list>
                    <measurement group_id="B1" value="3"/>
                  </measurement_list>
                </category>
              </category_list>
            </class>
            <class>
              <title>Asthma</title>
              <analyzed_list>
                <analyzed>
                  <units>Participants</units>
                  <scope>Class</scope>
                  <count_list>
                    <count group_id="B1" value="16"/>
                  </count_list>
                </analyzed>
              </analyzed_list>
              <category_list>
                <category>
                  <measurement_list>
                    <measurement group_id="B1" value="1"/>
                  </measurement_list>
                </category>
              </category_list>
            </class>
          </class_list>
        </measure>
      </measure_list>
    </baseline>

    <outcome_list>
      <outcome>
        <type>Primary</type>
        <title>Number of Cured Patients</title>
        <description>Primary outcome is assessed by calculating the number of patients who had symptoms free and two successive readings of negative PCR swab.</description>
        <time_frame>4 weeks</time_frame>
        <group_list>
          <group group_id="O1">
            <title>IVM+HCQ+AZT Group</title>
            <description>Time to cure in IVM+HCQ+AZT group and evaluated by measuring time from admission of the patient to the hospital till discharge after being free of symptoms and negative PCR swab. Once nasopharyngeal and oropharyngeal swab viral PCR testing yielded negative results 2 times consecutively, no further testing was performed.</description>
          </group>
        </group_list>
        <measure>
          <title>Number of Cured Patients</title>
          <description>Primary outcome is assessed by calculating the number of patients who had symptoms free and two successive readings of negative PCR swab.</description>
          <units>Participants</units>
          <param>Count of Participants</param>
          <analyzed_list>
            <analyzed>
              <units>Participants</units>
              <scope>Measure</scope>
              <count_list>
                <count group_id="O1" value="16"/>
              </count_list>
            </analyzed>
          </analyzed_list>
          <class_list>
            <class>
              <category_list>
                <category>
                  <measurement_list>
                    <measurement group_id="O1" value="16"/>
                  </measurement_list>
                </category>
              </category_list>
            </class>
          </class_list>
        </measure>
      </outcome>
      <outcome>
        <type>Secondary</type>
        <title>Time to Cure of COVID-19 Patients in the IVM +HCQ+AZT Group</title>
        <description>Time to cure is evaluated by measuring time from admission of the patient to the hospital till discharge after being free of symptoms and negative PCR swab. Once nasopharyngeal and oropharyngeal swab viral PCR testing yielded negative results 2 times consecutively, no further testing was performed</description>
        <time_frame>4 week</time_frame>
        <group_list>
          <group group_id="O1">
            <title>IVM+HCQ+AZT Group</title>
            <description>Time to cure in IVM+HCQ+AZT group and evaluated by measuring time from admission of the patient to the hospital till discharge after being free of symptoms and negative PCR swab. Once nasopharyngeal and oropharyngeal swab viral PCR testing yielded negative results 2 times consecutively, no further testing was performed.</description>
          </group>
        </group_list>
        <measure>
          <title>Time to Cure of COVID-19 Patients in the IVM +HCQ+AZT Group</title>
          <description>Time to cure is evaluated by measuring time from admission of the patient to the hospital till discharge after being free of symptoms and negative PCR swab. Once nasopharyngeal and oropharyngeal swab viral PCR testing yielded negative results 2 times consecutively, no further testing was performed</description>
          <units>Days</units>
          <param>Mean</param>
          <dispersion>Standard Deviation</dispersion>
          <analyzed_list>
            <analyzed>
              <units>Participants</units>
              <scope>Measure</scope>
              <count_list>
                <count group_id="O1" value="16"/>
              </count_list>
            </analyzed>
          </analyzed_list>
          <class_list>
            <class>
              <category_list>
                <category>
                  <measurement_list>
                    <measurement group_id="O1" value="7.62" spread="2.75"/>
                  </measurement_list>
                </category>
              </category_list>
            </class>
          </class_list>
        </measure>
        <analysis_list>
          <analysis>
            <group_id_list>
              <group_id>O1</group_id>
            </group_id_list>
            <non_inferiority_type>Superiority</non_inferiority_type>
            <p_value>0.05</p_value>
            <method>t-test, 2 sided</method>
            <param_type>Mean Difference (Final Values)</param_type>
            <param_value>7.92</param_value>
            <ci_n_sides>2-Sided</ci_n_sides>
            <other_analysis_desc>Historical control population included: Hydroxychloroquin (HCQ) 400mg BID at admission day then 200mg BID for 5 days plus Azithromycin (AZT) 500mg at admission day then 250mg for 5 days.</other_analysis_desc>
          </analysis>
        </analysis_list>
      </outcome>
    </outcome_list>

    <reported_events>
      <time_frame>4 weeks</time_frame>
      <group_list>
        <group group_id="E1">
          <title>IVM+HCQ+AZT Group</title>
          <description>Assessment of any adverse events in 0.2mg IVM single dose on admission day +HCQ 400mg BID in the first day then 200mg BID for 5 days+AZT 500mg in the first day then 250mg for 5 days</description>
        </group>
      </group_list>
      <serious_events>
        <category_list>
          <category>
            <title>Total</title>
            <event_list>
              <event>
                <sub_title>Total, all-cause mortality</sub_title>
                <counts group_id="E1" subjects_affected="0" subjects_at_risk="16"/>
              </event>
              <event>
                <sub_title>Total, serious adverse events</sub_title>
                <counts group_id="E1" subjects_affected="0" subjects_at_risk="16"/>
              </event>
            </event_list>
          </category>
        </category_list>
      </serious_events>
      <other_events>
        <frequency_threshold>0</frequency_threshold>
        <category_list>
          <category>
            <title>Total</title>
            <event_list>
              <event>
                <sub_title>Total, other adverse events</sub_title>
                <counts group_id="E1" subjects_affected="0" subjects_at_risk="16"/>
              </event>
            </event_list>
          </category>
        </category_list>
      </other_events>
    </reported_events>

    <certain_agreements>
      <pi_employee>Principal Investigators are NOT employed by the organization sponsoring the study.</pi_employee>
      <restrictive_agreement>There is NOT an agreement between Principal Investigators and the Sponsor (or its agents) that restricts the PI's rights to discuss or publish trial results after the trial is completed. </restrictive_agreement>
    </certain_agreements>
    <limitations_and_caveats>small sample size; single center design, and short time for the study</limitations_and_caveats>
    <point_of_contact>
      <name_or_title>Faiq I. Gorial</name_or_title>
      <organization>College of Medicine-University of Baghdad</organization>
      <phone>009647801730696</phone>
      <email>faiqig@gmail.com</email>
    </point_of_contact>
  </clinical_results>
</clinical_study>

