<?xml version="1.0" encoding="UTF-8"?>
<clinical_study rank="14">
  <!-- This xml conforms to an XML Schema at:
    https://clinicaltrials.gov/ct2/html/images/info/public.xsd -->
  <required_header>
    <download_date>ClinicalTrials.gov processed this data on April 02, 2021</download_date>
    <link_text>Link to the current ClinicalTrials.gov record.</link_text>
    <url>https://clinicaltrials.gov/show/NCT04674644</url>
  </required_header>
  <id_info>
    <org_study_id>355</org_study_id>
    <nct_id>NCT04674644</nct_id>
  </id_info>
  <brief_title>Analysing the Psychosocial Effects of COVID-19 Pandemic on Dental Professionals Using the Turkish Version of the Fear of COVID-19 and Coronavirus Anxiety Scales</brief_title>
  <official_title>Suleyman Demirel University Faculty of Dentistry Pediatric Dentistry Department</official_title>
  <sponsors>
    <lead_sponsor>
      <agency>Suleyman Demirel University</agency>
      <agency_class>Other</agency_class>
    </lead_sponsor>
  </sponsors>
  <source>Suleyman Demirel University</source>
  <oversight_info>
    <is_fda_regulated_drug>No</is_fda_regulated_drug>
    <is_fda_regulated_device>No</is_fda_regulated_device>
  </oversight_info>
  <brief_summary>
    <textblock>
      The aims of this study were to (i) assess fear and anxiety of COVID-19 in a Turkish sample&#xD;
      dental professionals using the Turkish FCV-19S and CAS; (ii) explore factors associated with&#xD;
      FCV-19S and CAS; and (iii) examine the psychometric properties of the Turkish FCV-19S and&#xD;
      CAS.&#xD;
    </textblock>
  </brief_summary>
  <detailed_description>
    <textblock>
      This cross-sectional study was conducted between October, 16 to 23, 2020 by sending an online&#xD;
      survey questionnaire working in public and university hospitals, including general dentists&#xD;
      or specialists. The tool utilized for data collection was a designed online Google Forms&#xD;
      questionnaire.&#xD;
&#xD;
      This survey was implemented by using a questionnaire that included socio-demographic data&#xD;
      (age range, gender, marital status, systemic disease, professional area, years of clinical&#xD;
      experience, number of patients treated daily, smoking status, alcohol consumption, vs),&#xD;
      epidemic-related questions and scales measuring the fear and anxiety levels of the&#xD;
      participants.&#xD;
&#xD;
      Fear of COVID-19 Scale is an unidimensional scale seven-item scale assessing anxiety&#xD;
      regarding COVID-19 developed by Ahorsu et al. Items are rated on a 5-item Likert scale from 1&#xD;
      (Strongly disagree) to 5 (Strongly agree) with scores ranging from 7 to 35. A higher score of&#xD;
      the FCV-19S represents a greater level of fear. In the study, the bi-factor model and&#xD;
      two-factor model consisting of the &quot;emotional response&quot; factor (items 1, 2, 4, and 5) and&#xD;
      &quot;physiological response&quot; factor (items 3, 6, and 7) were used.&#xD;
&#xD;
      Coronavirus Anxiety Scale is an unidimensional tool that assesses the physiological reactions&#xD;
      anxiety related to the COVID-19 pandemic. Participants were asked to rate 5 items on a&#xD;
      5-point Likert-type scale, from 0 (not at all) to 4 (nearly every day over the last 2 weeks).&#xD;
    </textblock>
  </detailed_description>
  <overall_status>Completed</overall_status>
  <start_date type="Actual">October 16, 2020</start_date>
  <completion_date type="Actual">October 23, 2020</completion_date>
  <primary_completion_date type="Actual">October 23, 2020</primary_completion_date>
  <phase>N/A</phase>
  <study_type>Interventional</study_type>
  <has_expanded_access>No</has_expanded_access>
  <study_design_info>
    <allocation>N/A</allocation>
    <intervention_model>Single Group Assignment</intervention_model>
    <intervention_model_description>Dental professionals</intervention_model_description>
    <primary_purpose>Other</primary_purpose>
    <masking>None (Open Label)</masking>
    <masking_description>Dental professionals working in public and university hospitals</masking_description>
  </study_design_info>
  <primary_outcome>
    <measure>The Psychosocial Effects of COVID-19 Pandemic on Dental Professionals Using the Turkish Version of the Fear of COVID-19 Scale</measure>
    <time_frame>during the survey administration</time_frame>
    <description>Fear of COVID-19 Scale is an unidimensional scale seven-item scale assessing anxiety regarding COVID-19 . Items are rated on a 5-item Likert scale from 1 (Strongly disagree) to 5 (Strongly agree) with scores ranging from 7 to 35. Scores are added up. A higher score of the FCV-19S represents a greater level of fear and a worse outcome.</description>
  </primary_outcome>
  <secondary_outcome>
    <measure>The Psychosocial Effects of COVID-19 Pandemic Using the Turkish Version of the Coronavirus Anxiety Scale</measure>
    <time_frame>during the survey administration</time_frame>
    <description>Coronavirus Anxiety Scale is an unidimensional tool that assesses the physiological anxiety related to the COVID-19. Participants rated 5 items on a 5-point Likert-type scale, from 0 (not at all) to 4 (nearly every day over the last 2 weeks). Scores are added up for a total score of 0 - 20, with higher scores indicating worse outcomes.</description>
  </secondary_outcome>
  <number_of_arms>1</number_of_arms>
  <enrollment type="Actual">850</enrollment>
  <condition>COVID-19 Pandemic</condition>
  <arm_group>
    <arm_group_label>Analysing the psychosocial effects of COVID-19 pandemic on dental professionals</arm_group_label>
    <arm_group_type>Other</arm_group_type>
    <description>Dental professionals</description>
  </arm_group>
  <intervention>
    <intervention_type>Behavioral</intervention_type>
    <intervention_name>The psychosocial effects of COVID-19 pandemic on dental professionals</intervention_name>
    <description>Analysing the psychosocial effects of COVID-19 pandemic on dental professionals using the Turkish version of the Fear of COVID-19 and Coronavirus Anxiety Scales</description>
    <arm_group_label>Analysing the psychosocial effects of COVID-19 pandemic on dental professionals</arm_group_label>
  </intervention>
  <eligibility>
    <criteria>
      <textblock>
        Inclusion Criteria:&#xD;
&#xD;
          -  Dental professionals working in public hospitals&#xD;
&#xD;
          -  Dental professionals working in university hospitals&#xD;
&#xD;
        Exclusion Criteria:&#xD;
&#xD;
          -  Dental professionals working in private clinics&#xD;
      </textblock>
    </criteria>
    <gender>All</gender>
    <minimum_age>23 Years</minimum_age>
    <maximum_age>N/A</maximum_age>
    <healthy_volunteers>Accepts Healthy Volunteers</healthy_volunteers>
  </eligibility>
  <overall_official>
    <last_name>esra Oz, Assist Prof</last_name>
    <role>Principal Investigator</role>
    <affiliation>Suleyman Demirel University</affiliation>
  </overall_official>
  <location>
    <facility>
      <name>Suleyman Demirel University Faculty of Dentistry Pediatric Dentistry Department</name>
      <address>
        <city>Isparta</city>
        <zip>32260</zip>
        <country>Turkey</country>
      </address>
    </facility>
  </location>
  <location_countries>
    <country>Turkey</country>
  </location_countries>
  <reference>
    <citation>Mahmood QK, Jafree SR, Qureshi WA. The Psychometric Validation of FCV19S in Urdu and Socio-Demographic Association with Fear in the People of the Khyber Pakhtunkhwa (KPK) Province in Pakistan. Int J Ment Health Addict. 2020 Jul 12:1-11. doi: 10.1007/s11469-020-00371-4. [Epub ahead of print]</citation>
    <PMID>32837443</PMID>
  </reference>
  <reference>
    <citation>Ahmed O, Faisal RA, Sharker T, Lee SA, Jobe MC. Adaptation of the Bangla Version of the COVID-19 Anxiety Scale. Int J Ment Health Addict. 2020 Jun 27:1-12. doi: 10.1007/s11469-020-00357-2. [Epub ahead of print]</citation>
    <PMID>32837436</PMID>
  </reference>
  <reference>
    <citation>Alyami M, Henning M, Krägeloh CU, Alyami H. Psychometric Evaluation of the Arabic Version of the Fear of COVID-19 Scale. Int J Ment Health Addict. 2020 May 16:1-14. doi: 10.1007/s11469-020-00316-x. [Epub ahead of print]</citation>
    <PMID>32427217</PMID>
  </reference>
  <reference>
    <citation>Andrade EF, Pereira LJ, Oliveira APL, Orlando DR, Alves DAG, Guilarducci JS, Castelo PM. Perceived fear of COVID-19 infection according to sex, age and occupational risk using the Brazilian version of the Fear of COVID-19 Scale. Death Stud. 2020 Aug 26:1-10. doi: 10.1080/07481187.2020.1809786. [Epub ahead of print]</citation>
    <PMID>32845795</PMID>
  </reference>
  <verification_date>January 2021</verification_date>
  <study_first_submitted>December 16, 2020</study_first_submitted>
  <study_first_submitted_qc>December 17, 2020</study_first_submitted_qc>
  <study_first_posted type="Actual">December 19, 2020</study_first_posted>
  <results_first_submitted>January 2, 2021</results_first_submitted>
  <results_first_submitted_qc>January 27, 2021</results_first_submitted_qc>
  <results_first_posted type="Actual">January 29, 2021</results_first_posted>
  <last_update_submitted>January 30, 2021</last_update_submitted>
  <last_update_submitted_qc>January 30, 2021</last_update_submitted_qc>
  <last_update_posted type="Actual">February 2, 2021</last_update_posted>
  <responsible_party>
    <responsible_party_type>Principal Investigator</responsible_party_type>
    <investigator_affiliation>Suleyman Demirel University</investigator_affiliation>
    <investigator_full_name>Esra Oz</investigator_full_name>
    <investigator_title>Assistant Professor</investigator_title>
  </responsible_party>
  <keyword>Fear of COVID-19</keyword>
  <keyword>Coronavirus anxiety scale</keyword>
  <keyword>COVID-19</keyword>
  <keyword>dental professionals</keyword>
  <keyword>psychosocial effects</keyword>
  <patient_data>
    <sharing_ipd>No</sharing_ipd>
  </patient_data>
  <provided_document_section>
    <provided_document>
      <document_type>Study Protocol and Statistical Analysis Plan</document_type>
      <document_has_protocol>Yes</document_has_protocol>
      <document_has_icf>No</document_has_icf>
      <document_has_sap>Yes</document_has_sap>
      <document_date>October 11, 2020</document_date>
      <document_url>https://ClinicalTrials.gov/ProvidedDocs/44/NCT04674644/Prot_SAP_000.pdf</document_url>
    </provided_document>
  </provided_document_section>

  <clinical_results>

    <participant_flow>
      <pre_assignment_details>Participants with missing data were excluded from the study</pre_assignment_details>
      <group_list>
        <group group_id="P1">
          <title>Analysing the Psychosocial Effects of COVID-19 Pandemic</title>
          <description>General dentists and specialists analyzed during COVID-19 pandemic</description>
        </group>
      </group_list>
      <period_list>
        <period>
          <title>Overall Study</title>
          <milestone_list>
            <milestone>
              <title>STARTED</title>
              <participants_list>
                <participants group_id="P1" count="850"/>
              </participants_list>
            </milestone>
            <milestone>
              <title>COMPLETED</title>
              <participants_list>
                <participants group_id="P1" count="813"/>
              </participants_list>
            </milestone>
            <milestone>
              <title>NOT COMPLETED</title>
              <participants_list>
                <participants group_id="P1" count="37"/>
              </participants_list>
            </milestone>
          </milestone_list>
          <drop_withdraw_reason_list>
            <drop_withdraw_reason>
              <title>with missing data</title>
              <participants_list>
                <participants group_id="P1" count="37"/>
              </participants_list>
            </drop_withdraw_reason>
          </drop_withdraw_reason_list>
        </period>
      </period_list>
    </participant_flow>

    <baseline>
      <group_list>
        <group group_id="B1">
          <title>Analysing the Psychosocial Effects of COVID-19 Pandemic on Dental Professionals</title>
          <description>Data were collected by sending an online survey questionnaire to dentists working in public and university hospitals, including both general dentists and specialists.&#xD;
The survey consisted of a questionnaire that included sociodemographic data (age range, gender, marital status, composition of household, systemic disease, professional area, years of clinical experience, number of patients treated daily, smoking status, alcohol consumption), epidemic-related questions, and scales measuring the fear and anxiety levels of the participants. In the last part of the survey, the levels of fear and anxiety were assessed by the FCV-19S and CAS.</description>
        </group>
      </group_list>
      <analyzed_list>
        <analyzed>
          <units>Participants</units>
          <scope>Overall</scope>
          <count_list>
            <count group_id="B1" value="813"/>
          </count_list>
        </analyzed>
      </analyzed_list>
      <measure_list>
        <measure>
          <title>Age</title>
          <units>Participants</units>
          <param>Count of Participants</param>
          <class_list>
            <class>
              <category_list>
                <category>
                  <title>&lt;=18 years</title>
                  <measurement_list>
                    <measurement group_id="B1" value="0"/>
                  </measurement_list>
                </category>
                <category>
                  <title>Between 18 and 65 years</title>
                  <measurement_list>
                    <measurement group_id="B1" value="813"/>
                  </measurement_list>
                </category>
                <category>
                  <title>&gt;=65 years</title>
                  <measurement_list>
                    <measurement group_id="B1" value="0"/>
                  </measurement_list>
                </category>
              </category_list>
            </class>
          </class_list>
        </measure>
        <measure>
          <title>Age</title>
          <units>years</units>
          <param>Mean</param>
          <dispersion>Full Range</dispersion>
          <class_list>
            <class>
              <category_list>
                <category>
                  <measurement_list>
                    <measurement group_id="B1" value="30" lower_limit="23" upper_limit="55"/>
                  </measurement_list>
                </category>
              </category_list>
            </class>
          </class_list>
        </measure>
        <measure>
          <title>Sex: Female, Male</title>
          <units>Participants</units>
          <param>Count of Participants</param>
          <class_list>
            <class>
              <category_list>
                <category>
                  <title>Female</title>
                  <measurement_list>
                    <measurement group_id="B1" value="553"/>
                  </measurement_list>
                </category>
                <category>
                  <title>Male</title>
                  <measurement_list>
                    <measurement group_id="B1" value="260"/>
                  </measurement_list>
                </category>
              </category_list>
            </class>
          </class_list>
        </measure>
        <measure>
          <title>Race (NIH/OMB)</title>
          <units>Participants</units>
          <param>Count of Participants</param>
          <class_list>
            <class>
              <category_list>
                <category>
                  <title>American Indian or Alaska Native</title>
                  <measurement_list>
                    <measurement group_id="B1" value="0"/>
                  </measurement_list>
                </category>
                <category>
                  <title>Asian</title>
                  <measurement_list>
                    <measurement group_id="B1" value="0"/>
                  </measurement_list>
                </category>
                <category>
                  <title>Native Hawaiian or Other Pacific Islander</title>
                  <measurement_list>
                    <measurement group_id="B1" value="0"/>
                  </measurement_list>
                </category>
                <category>
                  <title>Black or African American</title>
                  <measurement_list>
                    <measurement group_id="B1" value="0"/>
                  </measurement_list>
                </category>
                <category>
                  <title>White</title>
                  <measurement_list>
                    <measurement group_id="B1" value="813"/>
                  </measurement_list>
                </category>
                <category>
                  <title>More than one race</title>
                  <measurement_list>
                    <measurement group_id="B1" value="0"/>
                  </measurement_list>
                </category>
                <category>
                  <title>Unknown or Not Reported</title>
                  <measurement_list>
                    <measurement group_id="B1" value="0"/>
                  </measurement_list>
                </category>
              </category_list>
            </class>
          </class_list>
        </measure>
        <measure>
          <title>Region of Enrollment</title>
          <units>Participants</units>
          <param>Count of Participants</param>
          <class_list>
            <class>
              <title>Turkey</title>
              <category_list>
                <category>
                  <measurement_list>
                    <measurement group_id="B1" value="813"/>
                  </measurement_list>
                </category>
              </category_list>
            </class>
          </class_list>
        </measure>
      </measure_list>
    </baseline>

    <outcome_list>
      <outcome>
        <type>Primary</type>
        <title>The Psychosocial Effects of COVID-19 Pandemic on Dental Professionals Using the Turkish Version of the Fear of COVID-19 Scale</title>
        <description>Fear of COVID-19 Scale is an unidimensional scale seven-item scale assessing anxiety regarding COVID-19 . Items are rated on a 5-item Likert scale from 1 (Strongly disagree) to 5 (Strongly agree) with scores ranging from 7 to 35. Scores are added up. A higher score of the FCV-19S represents a greater level of fear and a worse outcome.</description>
        <time_frame>during the survey administration</time_frame>
        <group_list>
          <group group_id="O1">
            <title>Analysing the Psychosocial Effects of COVID-19 Pandemic on Dental Professionals</title>
            <description>General dentists and specialists</description>
          </group>
        </group_list>
        <measure>
          <title>The Psychosocial Effects of COVID-19 Pandemic on Dental Professionals Using the Turkish Version of the Fear of COVID-19 Scale</title>
          <description>Fear of COVID-19 Scale is an unidimensional scale seven-item scale assessing anxiety regarding COVID-19 . Items are rated on a 5-item Likert scale from 1 (Strongly disagree) to 5 (Strongly agree) with scores ranging from 7 to 35. Scores are added up. A higher score of the FCV-19S represents a greater level of fear and a worse outcome.</description>
          <units>scores on a scale</units>
          <param>Mean</param>
          <dispersion>Standard Deviation</dispersion>
          <analyzed_list>
            <analyzed>
              <units>Participants</units>
              <scope>Measure</scope>
              <count_list>
                <count group_id="O1" value="813"/>
              </count_list>
            </analyzed>
          </analyzed_list>
          <class_list>
            <class>
              <category_list>
                <category>
                  <measurement_list>
                    <measurement group_id="O1" value="18.48" spread="5.47"/>
                  </measurement_list>
                </category>
              </category_list>
            </class>
          </class_list>
        </measure>
      </outcome>
      <outcome>
        <type>Secondary</type>
        <title>The Psychosocial Effects of COVID-19 Pandemic Using the Turkish Version of the Coronavirus Anxiety Scale</title>
        <description>Coronavirus Anxiety Scale is an unidimensional tool that assesses the physiological anxiety related to the COVID-19. Participants rated 5 items on a 5-point Likert-type scale, from 0 (not at all) to 4 (nearly every day over the last 2 weeks). Scores are added up for a total score of 0 - 20, with higher scores indicating worse outcomes.</description>
        <time_frame>during the survey administration</time_frame>
        <group_list>
          <group group_id="O1">
            <title>The Psychosocial Effects of COVID-19 Using the Turkish Version of the Coronavirus Anxiety Scale</title>
            <description>General dentists and specialists</description>
          </group>
        </group_list>
        <measure>
          <title>The Psychosocial Effects of COVID-19 Pandemic Using the Turkish Version of the Coronavirus Anxiety Scale</title>
          <description>Coronavirus Anxiety Scale is an unidimensional tool that assesses the physiological anxiety related to the COVID-19. Participants rated 5 items on a 5-point Likert-type scale, from 0 (not at all) to 4 (nearly every day over the last 2 weeks). Scores are added up for a total score of 0 - 20, with higher scores indicating worse outcomes.</description>
          <units>scores on a scale</units>
          <param>Mean</param>
          <dispersion>Standard Deviation</dispersion>
          <analyzed_list>
            <analyzed>
              <units>Participants</units>
              <scope>Measure</scope>
              <count_list>
                <count group_id="O1" value="813"/>
              </count_list>
            </analyzed>
          </analyzed_list>
          <class_list>
            <class>
              <category_list>
                <category>
                  <measurement_list>
                    <measurement group_id="O1" value="2.17" spread="3.08"/>
                  </measurement_list>
                </category>
              </category_list>
            </class>
          </class_list>
        </measure>
      </outcome>
    </outcome_list>

    <reported_events>
      <time_frame>All-Cause Mortality, Serious, and Other (Not Including Serious) Adverse Events were not monitored/assessed</time_frame>
      <desc>All-Cause Mortality, Serious, and Other (Not Including Serious) Adverse Events were not monitored/assessed</desc>
      <group_list>
        <group group_id="E1">
          <title>Analysing the Psychosocial Effects of COVID-19 Pandemic on Dental Professionals</title>
          <description>The psychosocial effects of COVID-19 pandemic on general dentists and specialists</description>
        </group>
      </group_list>
      <serious_events>
        <category_list>
          <category>
            <title>Total</title>
            <event_list>
              <event>
                <sub_title>Total, all-cause mortality</sub_title>
                <counts group_id="E1" subjects_affected="0" subjects_at_risk="0"/>
              </event>
              <event>
                <sub_title>Total, serious adverse events</sub_title>
                <counts group_id="E1" subjects_affected="0" subjects_at_risk="0"/>
              </event>
            </event_list>
          </category>
        </category_list>
      </serious_events>
      <other_events>
        <frequency_threshold>1</frequency_threshold>
        <category_list>
          <category>
            <title>Total</title>
            <event_list>
              <event>
                <sub_title>Total, other adverse events</sub_title>
                <counts group_id="E1" subjects_affected="0" subjects_at_risk="0"/>
              </event>
            </event_list>
          </category>
        </category_list>
      </other_events>
    </reported_events>

    <certain_agreements>
      <pi_employee>All Principal Investigators ARE employed by the organization sponsoring the study.</pi_employee>
      <restrictive_agreement>There is NOT an agreement between Principal Investigators and the Sponsor (or its agents) that restricts the PI's rights to discuss or publish trial results after the trial is completed. </restrictive_agreement>
    </certain_agreements>
    <limitations_and_caveats>The present study has some limitations. Since the stress and anxiety levels of the dentists participating in the study prior to the pandemic are not known, the extent of the increase in these levels is unknown. In addition, because this is a cross-sectional study, the findings reflect only a certain period of the pandemic. Only scales related to COVID-19 were included, as it was thought that participants might be reluctant to participate in a longer survey.</limitations_and_caveats>
    <point_of_contact>
      <name_or_title>Dr Esra Oz</name_or_title>
      <organization>Suleyman Demirel University</organization>
      <phone>05326788040</phone>
      <email>esrakaraagac@sdu.edu.tr</email>
    </point_of_contact>
  </clinical_results>
</clinical_study>

